name,repeat,count,tris_per_asset,texture_size,unique_assets,shadows,mips,format,msaa,lod,cascades,triangles_total,vertices_total,meshes,textures,texture_mib_computed,mesh_mib_computed,farthest_asset_m,window_width,window_height,frames,frame_ms_median,frame_ms_mean,frame_ms_p95,frame_ms_p99,frame_ms_min,frame_ms_max,drift_percent,gpu_pass_ms,opaque_pass_gpu_ms,opaque_triangles_drawn,opaque_fragments,gpu_utilisation_percent
empty,1,0,10000,1024,0,1,1,rgba8,4,0,4,0,0,0,0,0,0,0,1920,1080,1748,1.1266,1.1442,1.2858,1.4866,1.0022,1.9442,1.7388,0.2104,0.0835,3,1231984,40
empty-noshadow,1,0,10000,1024,0,0,1,rgba8,4,0,4,0,0,0,0,0,0,0,1920,1080,1981,1,1.0101,1.0995,1.1848,0.9103,1.483,0.1505,0.1981,0.0648,3,1231984,37
tris-1k,1,100,1000,1024,100,1,1,rgba8,4,0,4,100000,57200,100,300,1599.9996,3.7628,21.5021,1920,1080,1534,1.2897,1.3044,1.4352,1.5584,1.1771,2.188,-0.9667,0.3719,0.2395,99659,2548859.2147,49
tris-2k,1,100,2000,1024,100,1,1,rgba8,4,0,4,200000,110700,100,300,1599.9996,7.3563,21.5021,1920,1080,1532,1.2947,1.3057,1.4126,1.5283,1.1735,2.3582,-0.668,0.3653,0.2322,199277,2372599.8063,50
tris-5k,1,100,5000,1024,100,1,1,rgba8,4,0,4,500000,265200,100,300,1599.9996,17.8619,21.5021,1920,1080,1507,1.3088,1.3274,1.4711,1.6052,1.1895,2.2612,-0.4421,0.4526,0.3168,498032,2523362.9309,61
tris-10k,1,100,10000,1024,100,1,1,rgba8,4,0,4,1000000,525200,100,300,1599.9996,35.4858,21.5021,1920,1080,1511,1.3054,1.3237,1.4651,1.6443,1.1416,2.253,1.4398,0.5783,0.4411,995959,2864177.3936,83
tris-20k,1,100,20000,1024,100,1,1,rgba8,4,0,4,2000000,1033200,100,300,1599.9996,70.1843,21.5021,1920,1080,1152,1.7048,1.7362,1.958,2.1417,1.3232,2.6444,0.6038,0.8704,0.7293,1991713,3100492.1806,96
tris-50k,1,100,50000,1024,100,1,1,rgba8,4,0,4,5000000,2552700,100,300,1599.9996,174.0738,21.5021,1920,1080,634,3.1567,3.1574,3.4373,3.6533,2.4568,4.0379,-0.4076,1.2555,1.1161,4978869,2886550.3924,98
tris-100k,1,100,100000,1024,100,1,1,rgba8,4,0,4,10000000,5070200,100,300,1599.9996,346.5363,21.5021,1920,1080,362,5.5182,5.5399,5.8105,6.5357,4.9422,6.8288,0.184,1.7929,1.6533,9957317,3712442.9556,99
tris-200k,1,100,200000,1024,100,1,1,rgba8,4,0,4,20000000,10105200,100,300,1599.9996,691.4612,21.5021,1920,1080,212,9.3836,9.4425,9.8622,10.6144,9.1364,11.1453,-0.0343,2.4067,2.2679,19914107,3245171.8077,99
tris-500k,1,100,500000,1024,100,1,1,rgba8,4,0,4,50000000,25165200,100,300,1599.9996,1724.176,21.5021,1920,1080,200,21.7163,21.8292,23.0453,24.0079,21.0889,24.3226,0.2726,4.797,4.634,49784107,3254357.04,100
tris-1m,1,100,1000000,1024,100,1,1,rgba8,4,0,4,100000000,50250200,100,300,1599.9996,3444.6808,21.5021,1920,1080,200,43.7763,43.9815,45.8856,46.4354,42.7634,47.5111,0.2961,9.0878,8.9158,99567270,3813514.2,100
tris-noshadow-1k,1,100,1000,1024,100,0,1,rgba8,4,0,4,100000,57200,100,300,1599.9996,3.7628,21.5021,1920,1080,1834,1.0745,1.0909,1.2162,1.3552,0.9687,2.0331,-0.5525,0.2653,0.1499,99659,2242345.5415,39
tris-noshadow-10k,1,100,10000,1024,100,0,1,rgba8,4,0,4,1000000,525200,100,300,1599.9996,35.4858,21.5021,1920,1080,1856,1.0666,1.0776,1.1758,1.2746,0.9671,1.8564,0.204,0.4395,0.3245,995959,2566993.1207,55
tris-noshadow-50k,1,100,50000,1024,100,0,1,rgba8,4,0,4,5000000,2552700,100,300,1599.9996,174.0738,21.5021,1920,1080,1578,1.2181,1.2678,1.4716,1.5688,1.0227,1.8501,0.4091,1.0249,0.903,4978869,3281077.198,95
tris-noshadow-100k,1,100,100000,1024,100,0,1,rgba8,4,0,4,10000000,5070200,100,300,1599.9996,346.5363,21.5021,1920,1080,1120,1.7459,1.7867,2.0059,2.1281,1.386,2.54,0.2732,1.5763,1.4538,9957317,3218097.7929,97
tris-noshadow-500k,1,100,500000,1024,100,0,1,rgba8,4,0,4,50000000,25165200,100,300,1599.9996,1724.176,21.5021,1920,1080,369,5.3971,5.4259,5.7452,6.0927,5.1029,6.3271,0.5621,5.2255,5.0972,49784107,3857704,99
tris-noshadow-1m,1,100,1000000,1024,100,0,1,rgba8,4,0,4,100000000,50250200,100,300,1599.9996,3444.6808,21.5021,1920,1080,207,9.6562,9.6986,10.3626,10.7615,9.1268,10.9963,0.6325,9.5316,9.4011,99567270,3683161,99
check-triangles,1,100,10000,1024,100,1,1,rgba8,4,0,4,1000000,525200,100,300,1599.9996,35.4858,21.5021,1920,1080,1500,1.3174,1.3334,1.4652,1.6395,1.2001,2.5941,0.0297,0.5441,0.4088,995959,2523635.508,79
tex-256,1,300,10000,256,12,1,1,rgba8,4,0,4,3000000,1575600,12,36,12,4.2583,37.307,1920,1080,1032,1.9254,1.9395,2.1311,2.4909,1.4666,2.7531,0.0951,0.81,0.6704,2995959,2415151,97
tex-512,1,300,10000,512,12,1,1,rgba8,4,0,4,3000000,1575600,12,36,48,4.2583,37.307,1920,1080,1030,1.9286,1.9418,2.1356,2.3369,1.5496,2.6824,1.0291,0.8151,0.6763,2995959,2416098.0938,97
tex-1024,1,300,10000,1024,12,1,1,rgba8,4,0,4,3000000,1575600,12,36,192,4.2583,37.307,1920,1080,1023,1.9345,1.956,2.1704,2.6278,1.3658,4.4716,0.0689,0.8161,0.6769,2995959,2406766.3543,97
tex-2048,1,300,10000,2048,12,1,1,rgba8,4,0,4,3000000,1575600,12,36,768,4.2583,37.307,1920,1080,1100,1.7866,1.8189,2.0078,2.2027,1.18,2.8965,-0.3278,0.7084,0.5714,2995959,1877217.0876,97
tex-4096,1,300,10000,4096,12,1,1,rgba8,4,0,4,3000000,1575600,12,36,3072,4.2583,37.307,1920,1080,1017,1.9569,1.9673,2.2228,2.4557,1.2932,2.8679,-1.8079,0.84,0.7016,2995959,2428704.6929,97
tex-nomips-1024,1,300,10000,1024,12,1,0,rgba8,4,0,4,3000000,1575600,12,36,144,4.2583,37.307,1920,1080,1025,1.9376,1.9515,2.1522,2.3809,1.5087,3.1882,-0.1959,0.8285,0.6918,2995959,1837416.9922,97
tex-nomips-4096,1,300,10000,4096,12,1,0,rgba8,4,0,4,3000000,1575600,12,36,2304,4.2583,37.307,1920,1080,715,2.7984,2.8008,3.0585,3.2652,2.2614,8.1388,-0.2699,1.6175,1.4764,2995959,2330466.1798,98
tex-bc7-1024,1,300,10000,1024,12,1,1,bc7,4,0,4,3000000,1575600,12,36,48.0009,4.2583,37.307,1920,1080,1120,1.7535,1.7864,1.9766,2.1523,1.3913,2.5385,0.2311,0.6778,0.5384,2995959,1801169.2286,96
tex-bc7-2048,1,300,10000,2048,12,1,1,bc7,4,0,4,3000000,1575600,12,36,192.0009,4.2583,37.307,1920,1080,1024,1.9304,1.9535,2.1729,2.428,1.3444,2.7152,0.0914,0.8243,0.6844,2995959,2400627,97
tex-bc7-4096,1,300,10000,4096,12,1,1,bc7,4,0,4,3000000,1575600,12,36,768.0009,4.2583,37.307,1920,1080,1081,1.8334,1.8518,2.0327,2.1693,1.5321,2.6433,-0.3127,0.7351,0.5946,2995959,1964471.363,97
check-textures,1,100,10000,1024,100,1,1,rgba8,4,0,4,1000000,525200,100,300,1599.9996,35.4858,21.5021,1920,1080,1522,1.3027,1.3146,1.4418,1.5333,1.17,1.7661,-0.3056,0.5375,0.4009,995959,1973807.6684,81
count-1,1,1,10000,1024,1,1,1,rgba8,4,0,4,10000,5252,1,3,16,0.3549,1,1920,1080,1635,1.2095,1.2238,1.3479,1.4696,1.0926,2.2653,0.3519,0.2455,0.1118,8205,1367438,40
count-10,1,10,10000,1024,10,1,1,rgba8,4,0,4,100000,52520,10,30,160,3.5486,6.197,1920,1080,1641,1.2055,1.2192,1.3349,1.4728,1.0761,2.8011,-2.0688,0.3086,0.1794,95959,1743579,47
count-30,1,30,10000,1024,30,1,1,rgba8,4,0,4,300000,157560,30,90,479.9999,10.6458,11.7804,1920,1080,1622,1.2171,1.2338,1.3705,1.528,1.1105,2.1356,1.3563,0.3966,0.2643,295959,1983576,56
count-100,1,100,10000,1024,64,1,1,rgba8,4,0,4,1000000,525200,64,192,1023.9998,22.7109,21.5021,1920,1080,1571,1.2615,1.2736,1.3885,1.5141,1.1053,2.6772,0.0588,0.5481,0.4107,995959,2161722.2347,84
count-300,1,300,10000,1024,64,1,1,rgba8,4,0,4,3000000,1575600,64,192,1023.9998,22.7109,37.307,1920,1080,984,2.0201,2.0334,2.2367,2.4472,1.6324,3.1476,-0.1007,0.9,0.7601,2995959,2462275.6748,97
count-1k,1,1000,10000,1024,64,1,1,rgba8,4,0,4,10000000,5252000,64,192,1023.9998,22.7109,68.1717,1920,1080,460,4.3009,4.3477,4.6009,4.94,3.9618,5.2799,-0.0738,1.5273,1.3895,9995959,2252552.5789,99
count-3k,1,3000,10000,1024,64,1,1,rgba8,4,0,4,30000000,15756000,64,192,1023.9998,22.7109,117.9932,1920,1080,217,9.1376,9.2193,9.6318,10.7517,8.7856,11.0922,0.1058,3.0392,2.8972,29995959,2599518.7037,99
count-noshadow-100,1,100,10000,1024,64,0,1,rgba8,4,0,4,1000000,525200,64,192,1023.9998,22.7109,21.5021,1920,1080,1853,1.0613,1.0795,1.2104,1.4337,0.9504,1.7992,1.5084,0.3742,0.2591,995959,1618757.9481,51
count-noshadow-1k,1,1000,10000,1024,64,0,1,rgba8,4,0,4,10000000,5252000,64,192,1023.9998,22.7109,68.1717,1920,1080,1234,1.5775,1.6218,1.8347,1.9876,1.0957,2.5668,0.4085,1.4131,1.2917,9995959,2013260.1104,96
count-noshadow-3k,1,3000,10000,1024,64,0,1,rgba8,4,0,4,30000000,15756000,64,192,1023.9998,22.7109,117.9932,1920,1080,605,3.3141,3.3111,3.5501,3.7782,2.5894,4.1844,-0.133,3.1241,2.9987,29995959,2645827.28,98
count-shared-100,1,100,10000,1024,1,1,1,rgba8,4,0,4,1000000,525200,1,3,16,0.3549,21.5021,1920,1080,1616,1.2261,1.2379,1.3498,1.4646,1.1233,1.9721,0.0114,0.4363,0.3005,996095,1735503.4505,76
count-shared-1k,1,1000,10000,1024,1,1,1,rgba8,4,0,4,10000000,5252000,1,3,16,0.3549,68.1717,1920,1080,459,4.3274,4.361,4.6302,4.8454,3.9065,5.5205,-0.038,1.5248,1.3869,9996095,2513547.7895,99
count-shared-3k,1,3000,10000,1024,1,1,1,rgba8,4,0,4,30000000,15756000,1,3,16,0.3549,117.9932,1920,1080,218,9.1602,9.2132,9.6368,9.9932,8.8469,10.0889,0.1349,3.1147,2.9727,29996095,2526722.5556,99
check-counts,1,100,10000,1024,100,1,1,rgba8,4,0,4,1000000,525200,100,300,1599.9996,35.4858,21.5021,1920,1080,1515,1.3069,1.3209,1.4496,1.5655,1.1982,2.1277,0.2364,0.5011,0.3657,995959,1843226.7884,75
mix-300x20k,1,300,20000,1024,64,1,1,rgba8,4,0,4,6000000,3099600,64,192,1023.9998,44.918,37.307,1920,1080,613,3.2676,3.267,3.5854,3.8179,2.7038,4.1468,-0.7021,1.2256,1.0868,5991713,2353014.1842,98
mix-300x50k,1,300,50000,1024,64,1,1,rgba8,4,0,4,15000000,7658100,64,192,1023.9998,111.4072,37.307,1920,1080,301,6.6339,6.6552,7.0863,7.6613,6.3159,8.1299,0.0405,1.8959,1.7594,14978869,2114001.2432,99
mix-1kx20k,1,1000,20000,1024,64,1,1,rgba8,4,0,4,20000000,10332000,64,192,1023.9998,44.918,68.1717,1920,1080,258,7.7319,7.7583,8.2015,8.8582,7.1733,9.4073,0.0989,2.5045,2.3658,19991713,2766573.4375,99
mix-1kx50k,1,1000,50000,1024,64,1,1,rgba8,4,0,4,50000000,25527000,64,192,1023.9998,111.4072,68.1717,1920,1080,200,17.0734,17.1833,18.0576,19.1148,16.7387,19.542,0.087,4.6533,4.5164,49978869,2388041.24,100
mix-3kx20k,1,3000,20000,1024,64,1,1,rgba8,4,0,4,60000000,30996000,64,192,1023.9998,44.918,117.9932,1920,1080,200,17.1679,17.2815,17.9376,19.0807,16.7738,19.2885,0.0201,5.4173,5.274,59991713,2849721,100
cascades-1-1kx20k,1,1000,20000,1024,64,1,1,rgba8,4,0,1,20000000,10332000,64,192,1023.9998,44.918,68.1717,1920,1080,458,4.3492,4.3732,4.637,4.8476,3.9303,5.1981,-0.2625,2.2951,2.1732,19991713,1950791.5088,98
cascades-2-1kx20k,1,1000,20000,1024,64,1,1,rgba8,4,0,2,20000000,10332000,64,192,1023.9998,44.918,68.1717,1920,1080,425,4.7021,4.7089,5.0072,5.3284,4.2177,5.6722,0.1291,2.4799,2.3539,19991713,2412004.2264,99
msaa-off-100x10k,1,100,10000,1024,100,1,1,rgba8,1,0,4,1000000,525200,100,300,1599.9996,35.4858,21.5021,1920,1080,1506,1.3103,1.3285,1.4733,1.6104,1.1914,2.1432,1.3002,0.4146,0.2795,995959,1573130.5053,64
msaa-off-1kx20k,1,1000,20000,1024,64,1,1,rgba8,1,0,4,20000000,10332000,64,192,1023.9998,44.918,68.1717,1920,1080,282,7.061,7.1126,7.496,8.0424,6.7948,8.7016,0.0578,1.873,1.737,19991713,1711984.9429,99
check-mixes,1,100,10000,1024,100,1,1,rgba8,4,0,4,1000000,525200,100,300,1599.9996,35.4858,21.5021,1920,1080,1523,1.2996,1.3139,1.4501,1.5733,1.1823,1.9766,-0.5776,0.5384,0.403,995959,1904846.8053,82
count-1k-lod,1,1000,10000,1024,64,1,1,rgba8,4,1,4,635828,369836,211,192,1023.9998,15.3952,68.1717,1920,1080,1549,1.2786,1.2916,1.411,1.556,1.1624,2.5783,-0.4504,0.5081,0.3716,631787,2307998.1451,71
count-3k-lod,1,3000,10000,1024,64,1,1,rgba8,4,1,4,947828,593836,211,192,1023.9998,15.3952,117.9932,1920,1080,1493,1.322,1.3398,1.4895,1.6159,1.1909,2.5728,-0.1227,0.4923,0.3499,943787,1846918.543,73
mix-300x20k-lod,1,300,20000,1024,64,1,1,rgba8,4,1,4,1016250,541410,147,192,1023.9998,29.3085,37.307,1920,1080,1564,1.2631,1.2794,1.4033,1.5249,1.1398,2.5194,0.0889,0.4652,0.33,1007963,1694330.7436,78
mix-300x50k-lod,1,300,50000,1024,64,1,1,rgba8,4,1,4,2540408,1336242,147,192,1023.9998,72.6685,37.307,1920,1080,981,2.0292,2.0394,2.2815,2.4365,1.4267,3.0898,-0.469,0.9826,0.8399,2519277,2690691.9672,97
mix-1kx20k-lod,1,1000,20000,1024,64,1,1,rgba8,4,1,4,1272170,698850,211,192,1023.9998,30.1112,68.1717,1920,1080,1481,1.3297,1.3511,1.5162,1.6451,1.1613,1.917,0.2413,0.6984,0.5569,1263883,2542933.4324,94
mix-1kx50k-lod,1,1000,50000,1024,64,1,1,rgba8,4,1,4,3180168,1708302,211,192,1023.9998,74.5845,68.1717,1920,1080,865,2.3308,2.3141,2.6141,2.7638,1.6615,2.979,0.2138,1.0628,0.9144,3159037,2843508.213,97
mix-3kx20k-lod,1,3000,20000,1024,64,1,1,rgba8,4,1,4,1896170,1090850,211,192,1023.9998,30.1112,117.9932,1920,1080,1312,1.5017,1.5246,1.723,1.9305,1.2778,2.1186,0.5372,0.8029,0.6561,1887883,2473464.4146,95
check-lods,1,100,10000,1024,100,1,1,rgba8,4,0,4,1000000,525200,100,300,1599.9996,35.4858,21.5021,1920,1080,1521,1.3011,1.3156,1.4666,1.6065,1.1338,2.0742,0.8925,0.5882,0.4419,995959,2229634.2789,85
count-distinct-100,1,100,10000,256,100,1,1,rgba8,4,0,4,1000000,525200,100,300,99.9996,35.4858,21.5021,1920,1080,1545,1.2812,1.2947,1.4091,1.5616,1.1471,2.2371,0.4709,0.5173,0.3813,995959,1930192.3264,82
count-distinct-1k,1,1000,10000,256,1000,1,1,rgba8,4,0,4,10000000,5252000,1000,3000,999.9962,354.8584,68.1717,1920,1080,434,4.6089,4.6159,4.991,5.4619,3.8792,6.0878,-0.0728,1.7194,1.5587,9995959,2127851.4815,99
count-distinct-3k,1,3000,10000,256,3000,1,1,rgba8,4,0,4,30000000,15756000,3000,9000,2999.9886,1064.5752,117.9932,1920,1080,201,9.9034,9.9708,11.3376,12.3901,7.9993,13.3002,0.7326,3.6078,3.3094,29995959,1975337,99
check-distinct,1,100,10000,1024,100,1,1,rgba8,4,0,4,1000000,525200,100,300,1599.9996,35.4858,21.5021,1920,1080,1249,1.5776,1.6018,1.7828,1.9993,1.4407,2.2866,-1.292,0.4825,0.3485,995959,1700146.141,65
empty,2,0,10000,1024,0,1,1,rgba8,4,0,4,0,0,0,0,0,0,0,1920,1080,1722,1.1473,1.1619,1.2794,1.3992,1.0368,1.9412,-1.3967,0.2142,0.0847,3,1231984,39
empty-noshadow,2,0,10000,1024,0,0,1,rgba8,4,0,4,0,0,0,0,0,0,0,1920,1080,1964,1.008,1.0185,1.1096,1.2108,0.9151,2.0468,-0.0357,0.2032,0.0656,3,1231984,40
tris-1k,2,100,1000,1024,100,1,1,rgba8,4,0,4,100000,57200,100,300,1599.9996,3.7628,21.5021,1920,1080,1501,1.3055,1.333,1.4863,1.9184,1.1899,4.6574,0.0707,0.3753,0.2427,99659,2558153.6203,51
tris-2k,2,100,2000,1024,100,1,1,rgba8,4,0,4,200000,110700,100,300,1599.9996,7.3563,21.5021,1920,1080,1509,1.3094,1.3254,1.4626,1.603,1.1906,2.0581,0.3965,0.3632,0.231,199277,2354902.7766,49
tris-5k,2,100,5000,1024,100,1,1,rgba8,4,0,4,500000,265200,100,300,1599.9996,17.8619,21.5021,1920,1080,1524,1.3017,1.3128,1.4292,1.5553,1.1912,1.7693,-0.2061,0.4628,0.3279,498032,2583230.1,62
tris-10k,2,100,10000,1024,100,1,1,rgba8,4,0,4,1000000,525200,100,300,1599.9996,35.4858,21.5021,1920,1080,1526,1.3019,1.3115,1.4328,1.5471,1.157,1.8476,0.6751,0.5866,0.4463,995959,2864112.4526,84
tris-20k,2,100,20000,1024,100,1,1,rgba8,4,0,4,2000000,1033200,100,300,1599.9996,70.1843,21.5021,1920,1080,1147,1.7179,1.7446,1.9436,2.1353,1.3856,2.5871,0.8617,0.8786,0.737,1991713,3102293.6014,96
tris-50k,2,100,50000,1024,100,1,1,rgba8,4,0,4,5000000,2552700,100,300,1599.9996,174.0738,21.5021,1920,1080,632,3.1627,3.1692,3.4463,3.6606,2.6058,4.012,-0.0291,1.2214,1.082,4978869,2889004.3797,98
tris-100k,2,100,100000,1024,100,1,1,rgba8,4,0,4,10000000,5070200,100,300,1599.9996,346.5363,21.5021,1920,1080,360,5.554,5.5574,5.819,6.3842,5.1307,6.8495,-0.0205,1.7977,1.658,9957317,3719171.6444,99
tris-200k,2,100,200000,1024,100,1,1,rgba8,4,0,4,20000000,10105200,100,300,1599.9996,691.4612,21.5021,1920,1080,212,9.4058,9.4743,9.9526,10.8393,8.8138,11.0269,0.3661,2.4067,2.2677,19914107,3224023.0769,99
tris-500k,2,100,500000,1024,100,1,1,rgba8,4,0,4,50000000,25165200,100,300,1599.9996,1724.176,21.5021,1920,1080,200,21.774,21.8826,22.8962,24.1171,21.1924,24.7013,0.2906,4.7917,4.6288,49784107,3243449.08,100
tris-1m,2,100,1000000,1024,100,1,1,rgba8,4,0,4,100000000,50250200,100,300,1599.9996,3444.6808,21.5021,1920,1080,200,43.9381,44.1275,46.04,46.6135,43.2156,46.6349,0.0953,9.1293,8.9582,99567270,3812963,100
tris-noshadow-1k,2,100,1000,1024,100,0,1,rgba8,4,0,4,100000,57200,100,300,1599.9996,3.7628,21.5021,1920,1080,1853,1.0677,1.0793,1.1782,1.2861,0.9771,1.724,-0.0516,0.2661,0.1491,99659,2246699.9827,40
tris-noshadow-10k,2,100,10000,1024,100,0,1,rgba8,4,0,4,1000000,525200,100,300,1599.9996,35.4858,21.5021,1920,1080,1859,1.0681,1.0761,1.165,1.2672,0.968,1.5545,-0.1041,0.4436,0.3283,995959,2568933.6638,57
tris-noshadow-50k,2,100,50000,1024,100,0,1,rgba8,4,0,4,5000000,2552700,100,300,1599.9996,174.0738,21.5021,1920,1080,1577,1.2265,1.2685,1.463,1.6169,1.0254,2.7961,1.9903,1.0332,0.9109,4978869,3200845.3706,95
tris-noshadow-100k,2,100,100000,1024,100,0,1,rgba8,4,0,4,10000000,5070200,100,300,1599.9996,346.5363,21.5021,1920,1080,1089,1.7835,1.8372,2.0927,2.5596,1.1203,4.0756,0.9897,1.5832,1.4578,9957317,3550985.3382,97
tris-noshadow-500k,2,100,500000,1024,100,0,1,rgba8,4,0,4,50000000,25165200,100,300,1599.9996,1724.176,21.5021,1920,1080,368,5.4062,5.4411,5.839,6.1633,5.0722,6.3178,0.8433,5.2393,5.11,49784107,3855708.7826,99
tris-noshadow-1m,2,100,1000000,1024,100,0,1,rgba8,4,0,4,100000000,50250200,100,300,1599.9996,3444.6808,21.5021,1920,1080,206,9.6728,9.7313,10.4197,10.7016,9.3995,11.3788,0.8584,9.5522,9.4217,99567270,3685042,99
check-triangles,2,100,10000,1024,100,1,1,rgba8,4,0,4,1000000,525200,100,300,1599.9996,35.4858,21.5021,1920,1080,1512,1.3117,1.3233,1.4422,1.5342,1.1783,2.5744,0.0429,0.5507,0.4147,995959,2521557.6561,81
tex-256,2,300,10000,256,12,1,1,rgba8,4,0,4,3000000,1575600,12,36,12,4.2583,37.307,1920,1080,1034,1.917,1.9345,2.1391,2.3753,1.5037,2.886,0.1255,0.8124,0.6716,2995959,2412718.8062,97
tex-512,2,300,10000,512,12,1,1,rgba8,4,0,4,3000000,1575600,12,36,48,4.2583,37.307,1920,1080,1030,1.9261,1.943,2.1556,2.3433,1.3715,2.9791,0.2582,0.8166,0.6767,2995959,2432066.4062,97
tex-1024,2,300,10000,1024,12,1,1,rgba8,4,0,4,3000000,1575600,12,36,192,4.2583,37.307,1920,1080,1026,1.9262,1.9498,2.1631,2.5089,1.2594,5.0216,-0.2096,0.8126,0.6733,2995959,2415091.9844,97
tex-2048,2,300,10000,2048,12,1,1,rgba8,4,0,4,3000000,1575600,12,36,768,4.2583,37.307,1920,1080,1097,1.8021,1.824,2.0056,2.1635,1.5147,2.6,0.6328,0.7156,0.5764,2995959,1870426.5839,97
tex-4096,2,300,10000,4096,12,1,1,rgba8,4,0,4,3000000,1575600,12,36,3072,4.2583,37.307,1920,1080,986,1.9518,2.029,2.2852,4.2646,1.3555,4.4032,-0.7244,0.86,0.7179,2995959,2421042.4959,97
tex-nomips-1024,2,300,10000,1024,12,1,0,rgba8,4,0,4,3000000,1575600,12,36,144,4.2583,37.307,1920,1080,1022,1.9413,1.9582,2.1531,2.3029,1.4316,3.6311,0.8168,0.8345,0.6961,2995959,1848163,97
tex-nomips-4096,2,300,10000,4096,12,1,0,rgba8,4,0,4,3000000,1575600,12,36,2304,4.2583,37.307,1920,1080,716,2.8123,2.7942,3.0421,3.2349,2.2959,5.5979,-0.9078,1.605,1.4647,2995959,2337231.1236,98
tex-bc7-1024,2,300,10000,1024,12,1,1,bc7,4,0,4,3000000,1575600,12,36,48.0009,4.2583,37.307,1920,1080,1118,1.7771,1.7895,1.9809,2.1133,1.322,3.234,-0.773,0.6773,0.5362,2995959,1807958.2014,96
tex-bc7-2048,2,300,10000,2048,12,1,1,bc7,4,0,4,3000000,1575600,12,36,192.0009,4.2583,37.307,1920,1080,1029,1.9304,1.9445,2.1596,2.3665,1.1986,3.333,0.6896,0.8179,0.6762,2995959,2395912.7344,97
tex-bc7-4096,2,300,10000,4096,12,1,1,bc7,4,0,4,3000000,1575600,12,36,768.0009,4.2583,37.307,1920,1080,1084,1.8301,1.8457,2.0324,2.1656,1.3935,2.901,0.1029,0.7285,0.5875,2995959,1952757.8889,97
check-textures,2,100,10000,1024,100,1,1,rgba8,4,0,4,1000000,525200,100,300,1599.9996,35.4858,21.5021,1920,1080,1515,1.3103,1.3209,1.4374,1.561,1.1411,1.6786,-0.2427,0.5662,0.4267,995959,2056694.4868,83
count-1,2,1,10000,1024,1,1,1,rgba8,4,0,4,10000,5252,1,3,16,0.3549,1,1920,1080,1695,1.1663,1.1802,1.3003,1.4104,1.0622,1.7758,-0.1254,0.2399,0.1109,8205,1367438,39
count-10,2,10,10000,1024,10,1,1,rgba8,4,0,4,100000,52520,10,30,160,3.5486,6.197,1920,1080,1663,1.1914,1.203,1.3145,1.4155,1.0855,1.9886,0.6536,0.308,0.1787,95959,1743579,47
count-30,2,30,10000,1024,30,1,1,rgba8,4,0,4,300000,157560,30,90,479.9999,10.6458,11.7804,1920,1080,1622,1.2138,1.2336,1.3539,1.7232,1.1087,3.5276,-0.7201,0.3964,0.2649,295959,1983576,57
count-100,2,100,10000,1024,64,1,1,rgba8,4,0,4,1000000,525200,64,192,1023.9998,22.7109,21.5021,1920,1080,1567,1.2654,1.2764,1.4092,1.5265,1.0954,1.9087,-0.2586,0.5585,0.4209,995959,2201135.0615,87
count-300,2,300,10000,1024,64,1,1,rgba8,4,0,4,3000000,1575600,64,192,1023.9998,22.7109,37.307,1920,1080,1004,1.9878,1.9932,2.2043,2.3946,1.3316,2.9281,0.2725,0.8399,0.6989,2995959,2284396.816,97
count-1k,2,1000,10000,1024,64,1,1,rgba8,4,0,4,10000000,5252000,64,192,1023.9998,22.7109,68.1717,1920,1080,452,4.386,4.4302,4.6638,5.08,4.0833,5.7646,-0.0776,1.5518,1.4146,9995959,2353270.125,99
count-3k,2,3000,10000,1024,64,1,1,rgba8,4,0,4,30000000,15756000,64,192,1023.9998,22.7109,117.9932,1920,1080,218,9.1506,9.2134,9.609,10.4179,8.7691,11.0293,0.0607,3.0885,2.9463,29995959,2804637.0741,99
count-noshadow-100,2,100,10000,1024,64,0,1,rgba8,4,0,4,1000000,525200,64,192,1023.9998,22.7109,21.5021,1920,1080,1865,1.0599,1.0725,1.1766,1.2907,0.9587,1.8013,-0.2435,0.3764,0.2612,995959,1618717.4077,51
count-noshadow-1k,2,1000,10000,1024,64,0,1,rgba8,4,0,4,10000000,5252000,64,192,1023.9998,22.7109,68.1717,1920,1080,1213,1.6007,1.6499,1.8478,2.0503,1.2302,2.4599,0.1364,1.4699,1.3479,9995959,2259627.2318,96
count-noshadow-3k,2,3000,10000,1024,64,0,1,rgba8,4,0,4,30000000,15756000,64,192,1023.9998,22.7109,117.9932,1920,1080,599,3.3475,3.3416,3.5538,3.8417,2.7265,4.4756,-0.3243,3.1293,3.0058,29995959,2648904.3649,98
count-shared-100,2,100,10000,1024,1,1,1,rgba8,4,0,4,1000000,525200,1,3,16,0.3549,21.5021,1920,1080,1592,1.2383,1.257,1.4039,1.6113,1.1239,2.3466,0.8064,0.4522,0.3171,996095,1780407.3116,79
count-shared-1k,2,1000,10000,1024,1,1,1,rgba8,4,0,4,10000000,5252000,1,3,16,0.3549,68.1717,1920,1080,460,4.3076,4.3508,4.5825,4.7973,3.9308,5.7013,0.0893,1.5064,1.3688,9996095,2439895.0526,99
count-shared-3k,2,3000,10000,1024,1,1,1,rgba8,4,0,4,30000000,15756000,1,3,16,0.3549,117.9932,1920,1080,217,9.1693,9.232,9.6995,10.0097,8.8064,10.2813,-0.0291,3.1118,2.9707,29996095,2509852.963,99
check-counts,2,100,10000,1024,100,1,1,rgba8,4,0,4,1000000,525200,100,300,1599.9996,35.4858,21.5021,1920,1080,1512,1.3057,1.3236,1.4539,1.6192,1.2088,2.3128,-0.3854,0.4799,0.3453,995959,1690345.1534,72
mix-300x20k,2,300,20000,1024,64,1,1,rgba8,4,0,4,6000000,3099600,64,192,1023.9998,44.918,37.307,1920,1080,606,3.3034,3.3032,3.6023,3.8303,2.3307,4.1635,-0.4009,1.314,1.1756,5991713,2610825.32,98
mix-300x50k,2,300,50000,1024,64,1,1,rgba8,4,0,4,15000000,7658100,64,192,1023.9998,111.4072,37.307,1920,1080,299,6.6931,6.7012,7.1004,7.9469,5.3772,8.0958,-0.3923,2.0262,1.8899,14978869,2423904.7297,99
mix-1kx20k,2,1000,20000,1024,64,1,1,rgba8,4,0,4,20000000,10332000,64,192,1023.9998,44.918,68.1717,1920,1080,257,7.7784,7.7968,8.0912,8.7419,7.1812,9.6495,-0.0809,2.4884,2.3504,19991713,2672914.8125,99
mix-1kx50k,2,1000,50000,1024,64,1,1,rgba8,4,0,4,50000000,25527000,64,192,1023.9998,111.4072,68.1717,1920,1080,200,17.0799,17.1876,18.0892,18.9616,16.7026,19.6956,0.243,4.5972,4.4604,49978869,2227117.24,100
mix-3kx20k,2,3000,20000,1024,64,1,1,rgba8,4,0,4,60000000,30996000,64,192,1023.9998,44.918,117.9932,1920,1080,200,17.1411,17.2822,18.3268,18.5769,16.7025,18.8153,-0.0547,5.4253,5.2808,59991713,2971530.72,100
cascades-1-1kx20k,2,1000,20000,1024,64,1,1,rgba8,4,0,1,20000000,10332000,64,192,1023.9998,44.918,68.1717,1920,1080,463,4.2935,4.3266,4.5604,4.9081,3.9334,5.0941,0.2752,2.3373,2.217,19991713,1972991.4561,98
cascades-2-1kx20k,2,1000,20000,1024,64,1,1,rgba8,4,0,2,20000000,10332000,64,192,1023.9998,44.918,68.1717,1920,1080,422,4.7463,4.7481,4.9613,5.5131,4.2688,5.7312,0.368,2.4544,2.3288,19991713,2375140.0385,99
msaa-off-100x10k,2,100,10000,1024,100,1,1,rgba8,1,0,4,1000000,525200,100,300,1599.9996,35.4858,21.5021,1920,1080,1512,1.3075,1.3235,1.457,1.5875,1.1787,1.9097,-1.8398,0.4028,0.2673,995959,1548813.3439,69
msaa-off-1kx20k,2,1000,20000,1024,64,1,1,rgba8,1,0,4,20000000,10332000,64,192,1023.9998,44.918,68.1717,1920,1080,282,7.0637,7.1137,7.6049,8.1017,6.1412,8.5816,0.1359,1.8624,1.7256,19991713,1746433.3429,99
check-mixes,2,100,10000,1024,100,1,1,rgba8,4,0,4,1000000,525200,100,300,1599.9996,35.4858,21.5021,1920,1080,1503,1.3119,1.3311,1.4838,1.6733,1.1661,2.2015,-0.119,0.5625,0.4256,995959,1982289.754,84
count-1k-lod,2,1000,10000,1024,64,1,1,rgba8,4,1,4,635828,369836,211,192,1023.9998,15.3952,68.1717,1920,1080,1549,1.2728,1.2913,1.4353,1.5788,1.1667,2.4792,0.6564,0.5119,0.3736,631787,2327964.6166,71
count-3k-lod,2,3000,10000,1024,64,1,1,rgba8,4,1,4,947828,593836,211,192,1023.9998,15.3952,117.9932,1920,1080,1503,1.3133,1.331,1.4755,1.6708,1.1609,2.458,0.4357,0.5034,0.3635,943787,1894106.7433,76
mix-300x20k-lod,2,300,20000,1024,64,1,1,rgba8,4,1,4,1016250,541410,147,192,1023.9998,29.3085,37.307,1920,1080,1571,1.2642,1.2739,1.3812,1.4772,1.1686,1.6996,0.1936,0.4892,0.3519,1007963,1777569.7347,77
mix-300x50k-lod,2,300,50000,1024,64,1,1,rgba8,4,1,4,2540408,1336242,147,192,1023.9998,72.6685,37.307,1920,1080,983,2.0264,2.0348,2.2746,2.5037,1.6484,2.8934,-0.3577,0.967,0.8231,2519277,2650360.1066,97
mix-1kx20k-lod,2,1000,20000,1024,64,1,1,rgba8,4,1,4,1272170,698850,211,192,1023.9998,30.1112,68.1717,1920,1080,1475,1.3346,1.3567,1.5299,1.7099,1.1776,1.9986,-0.4346,0.7193,0.5776,1263883,2542348.9891,95
mix-1kx50k-lod,2,1000,50000,1024,64,1,1,rgba8,4,1,4,3180168,1708302,211,192,1023.9998,74.5845,68.1717,1920,1080,851,2.3643,2.3519,2.6626,2.8352,1.7149,3.5848,-0.1265,1.0755,0.9295,3159037,2886594.3868,97
mix-3kx20k-lod,2,3000,20000,1024,64,1,1,rgba8,4,1,4,1896170,1090850,211,192,1023.9998,30.1112,117.9932,1920,1080,1289,1.5244,1.5525,1.7552,1.9593,1.3174,2.26,2.1647,0.8294,0.6832,1887883,2558124.6957,96
check-lods,2,100,10000,1024,100,1,1,rgba8,4,0,4,1000000,525200,100,300,1599.9996,35.4858,21.5021,1920,1080,1523,1.3068,1.3136,1.4206,1.5187,1.1505,2.5199,-0.0421,0.5729,0.4299,995959,2190663.6368,84
count-distinct-100,2,100,10000,256,100,1,1,rgba8,4,0,4,1000000,525200,100,300,99.9996,35.4858,21.5021,1920,1080,1510,1.31,1.3254,1.4516,1.594,1.1605,1.9336,-0.4693,0.5304,0.3948,995959,1974121.9628,78
count-distinct-1k,2,1000,10000,256,1000,1,1,rgba8,4,0,4,10000000,5252000,1000,3000,999.9962,354.8584,68.1717,1920,1080,433,4.6163,4.6253,4.9717,5.3622,3.997,5.8046,0.3534,1.7517,1.591,9995959,2157721.3148,99
count-distinct-3k,2,3000,10000,256,3000,1,1,rgba8,4,0,4,30000000,15756000,3000,9000,2999.9886,1064.5752,117.9932,1920,1080,201,9.9224,9.9555,10.8621,11.8438,8.634,12.5726,0.7823,3.6438,3.3493,29995959,1991616.96,99
check-distinct,2,100,10000,1024,100,1,1,rgba8,4,0,4,1000000,525200,100,300,1599.9996,35.4858,21.5021,1920,1080,1252,1.5811,1.5986,1.7472,1.9299,1.4579,2.3842,0.0386,0.4447,0.3099,995959,1592360.2179,63
empty,3,0,10000,1024,0,1,1,rgba8,4,0,4,0,0,0,0,0,0,0,1920,1080,1741,1.1383,1.1492,1.2537,1.3356,1.0311,1.6427,-0.2574,0.2132,0.0845,3,1231984,39
empty-noshadow,3,0,10000,1024,0,0,1,rgba8,4,0,4,0,0,0,0,0,0,0,1920,1080,1930,1.0207,1.0363,1.1532,1.3025,0.9251,2.744,0.5491,0.2048,0.0668,3,1231984,42
tris-1k,3,100,1000,1024,100,1,1,rgba8,4,0,4,100000,57200,100,300,1599.9996,3.7628,21.5021,1920,1080,1508,1.3108,1.327,1.4575,1.6183,1.2007,2.1475,0.5345,0.3956,0.2624,99659,2686993.016,46
tris-2k,3,100,2000,1024,100,1,1,rgba8,4,0,4,200000,110700,100,300,1599.9996,7.3563,21.5021,1920,1080,1513,1.3068,1.3226,1.4522,1.5628,1.1975,2.274,0.5951,0.3661,0.2315,199277,2362122.7884,49
tris-5k,3,100,5000,1024,100,1,1,rgba8,4,0,4,500000,265200,100,300,1599.9996,17.8619,21.5021,1920,1080,1505,1.3171,1.3289,1.449,1.5565,1.1781,1.8475,0.3276,0.4563,0.3208,498032,2526546.9521,61
tris-10k,3,100,10000,1024,100,1,1,rgba8,4,0,4,1000000,525200,100,300,1599.9996,35.4858,21.5021,1920,1080,1510,1.3136,1.3248,1.4538,1.5482,1.1503,2.3355,-0.5554,0.5842,0.4463,995959,2861593.7553,84
tris-20k,3,100,20000,1024,100,1,1,rgba8,4,0,4,2000000,1033200,100,300,1599.9996,70.1843,21.5021,1920,1080,1146,1.7148,1.7453,1.9508,2.1192,1.4545,2.4575,0.434,0.8715,0.7293,1991713,3102723.7832,97
tris-50k,3,100,50000,1024,100,1,1,rgba8,4,0,4,5000000,2552700,100,300,1599.9996,174.0738,21.5021,1920,1080,631,3.1604,3.1697,3.4414,3.7158,2.2381,4.2244,0.2582,1.22,1.0804,4978869,2883311.4615,98
tris-100k,3,100,100000,1024,100,1,1,rgba8,4,0,4,10000000,5070200,100,300,1599.9996,346.5363,21.5021,1920,1080,361,5.5376,5.5506,5.9046,6.2824,5.1756,7.124,-0.393,1.7798,1.6411,9957317,3684401.7778,99
tris-200k,3,100,200000,1024,100,1,1,rgba8,4,0,4,20000000,10105200,100,300,1599.9996,691.4612,21.5021,1920,1080,212,9.4012,9.4616,9.8308,10.825,8.8685,11.3096,0.3482,2.411,2.2706,19914107,3303407.2692,99
tris-500k,3,100,500000,1024,100,1,1,rgba8,4,0,4,50000000,25165200,100,300,1599.9996,1724.176,21.5021,1920,1080,200,21.7564,21.8803,23.0645,24.3304,21.04,24.8879,0.2529,4.8308,4.6685,49784107,3257207,100
tris-1m,3,100,1000000,1024,100,1,1,rgba8,4,0,4,100000000,50250200,100,300,1599.9996,3444.6808,21.5021,1920,1080,200,43.9072,44.1552,45.9523,46.8646,43.3351,47.1177,0.1941,9.1131,8.941,99567270,3815131.12,100
tris-noshadow-1k,3,100,1000,1024,100,0,1,rgba8,4,0,4,100000,57200,100,300,1599.9996,3.7628,21.5021,1920,1080,1840,1.0792,1.0871,1.1799,1.2704,0.982,1.4041,-0.0558,0.2687,0.1499,99659,2243306.3435,39
tris-noshadow-10k,3,100,10000,1024,100,0,1,rgba8,4,0,4,1000000,525200,100,300,1599.9996,35.4858,21.5021,1920,1080,1842,1.0771,1.0858,1.1835,1.2696,0.9648,1.4382,-0.3527,0.4385,0.3222,995959,2544027.5565,56
tris-noshadow-50k,3,100,50000,1024,100,0,1,rgba8,4,0,4,5000000,2552700,100,300,1599.9996,174.0738,21.5021,1920,1080,1572,1.2271,1.2728,1.4811,1.652,1.0434,2.2569,0.7747,1.0339,0.911,4978869,3294880.6378,95
tris-noshadow-100k,3,100,100000,1024,100,0,1,rgba8,4,0,4,10000000,5070200,100,300,1599.9996,346.5363,21.5021,1920,1080,1123,1.7367,1.7812,2.0009,2.2449,1.3118,2.6172,-0.2211,1.5851,1.461,9957317,3207027.4786,97
tris-noshadow-500k,3,100,500000,1024,100,0,1,rgba8,4,0,4,50000000,25165200,100,300,1599.9996,1724.176,21.5021,1920,1080,368,5.4186,5.4474,5.854,6.0558,4.906,6.5522,1.1656,5.2468,5.1187,49784107,3877836,99
tris-noshadow-1m,3,100,1000000,1024,100,0,1,rgba8,4,0,4,100000000,50250200,100,300,1599.9996,3444.6808,21.5021,1920,1080,206,9.673,9.7238,10.4134,10.6713,9.2815,10.8961,1.0674,9.5223,9.3921,99567270,3672318,99
check-triangles,3,100,10000,1024,100,1,1,rgba8,4,0,4,1000000,525200,100,300,1599.9996,35.4858,21.5021,1920,1080,1502,1.3206,1.3317,1.4469,1.5549,1.2113,1.979,0.7287,0.5497,0.4126,995959,2517377.7914,79
tex-256,3,300,10000,256,12,1,1,rgba8,4,0,4,3000000,1575600,12,36,12,4.2583,37.307,1920,1080,1033,1.9256,1.9375,2.1459,2.4406,1.3965,2.875,-0.4118,0.8123,0.6727,2995959,2422506.9535,97
tex-512,3,300,10000,512,12,1,1,rgba8,4,0,4,3000000,1575600,12,36,48,4.2583,37.307,1920,1080,1028,1.9323,1.946,2.1481,2.3293,1.5263,2.7761,0.744,0.8139,0.6749,2995959,2418166.0469,97
tex-1024,3,300,10000,1024,12,1,1,rgba8,4,0,4,3000000,1575600,12,36,192,4.2583,37.307,1920,1080,1018,1.9366,1.9655,2.1924,2.7547,1.2086,4.3781,-1.0796,0.8198,0.6813,2995959,2425164.8031,97
tex-2048,3,300,10000,2048,12,1,1,rgba8,4,0,4,3000000,1575600,12,36,768,4.2583,37.307,1920,1080,1099,1.7938,1.8202,2.0033,2.2664,1.3405,3.3863,0.733,0.7024,0.5649,2995959,1856802.708,97
tex-4096,3,300,10000,4096,12,1,1,rgba8,4,0,4,3000000,1575600,12,36,3072,4.2583,37.307,1920,1080,1002,1.9466,1.9974,2.1858,2.6203,1.5408,7.2397,0.0577,0.8559,0.7166,2995959,2427363.936,97
tex-nomips-1024,3,300,10000,1024,12,1,0,rgba8,4,0,4,3000000,1575600,12,36,144,4.2583,37.307,1920,1080,1021,1.9461,1.959,2.1482,2.2898,1.5831,2.758,0.4596,0.8415,0.7038,2995959,1843355.685,97
tex-nomips-4096,3,300,10000,4096,12,1,0,rgba8,4,0,4,3000000,1575600,12,36,2304,4.2583,37.307,1920,1080,720,2.7976,2.779,3.0324,3.1724,1.2983,4.671,-0.0773,1.6059,1.4654,2995959,2334712.4,98
tex-bc7-1024,3,300,10000,1024,12,1,1,bc7,4,0,4,3000000,1575600,12,36,48.0009,4.2583,37.307,1920,1080,1115,1.7754,1.7944,1.9923,2.1579,1.4219,2.6316,-0.8281,0.6813,0.5403,2995959,1823970.4029,96
tex-bc7-2048,3,300,10000,2048,12,1,1,bc7,4,0,4,3000000,1575600,12,36,192.0009,4.2583,37.307,1920,1080,1028,1.932,1.9464,2.1597,2.3012,1.516,2.8943,0.4165,0.813,0.6717,2995959,2394805.75,97
tex-bc7-4096,3,300,10000,4096,12,1,1,bc7,4,0,4,3000000,1575600,12,36,768.0009,4.2583,37.307,1920,1080,1082,1.828,1.8485,2.0497,2.1895,1.2185,2.8933,0.3514,0.737,0.5955,2995959,1956966.4222,97
check-textures,3,100,10000,1024,100,1,1,rgba8,4,0,4,1000000,525200,100,300,1599.9996,35.4858,21.5021,1920,1080,1500,1.3171,1.3342,1.4868,1.6225,1.1447,2.3265,0.8925,0.5631,0.4265,995959,2055434.0642,81
count-1,3,1,10000,1024,1,1,1,rgba8,4,0,4,10000,5252,1,3,16,0.3549,1,1920,1080,1662,1.181,1.2034,1.3504,1.5297,1.0505,4.1799,-0.8285,0.24,0.1106,8205,1367438,40
count-10,3,10,10000,1024,10,1,1,rgba8,4,0,4,100000,52520,10,30,160,3.5486,6.197,1920,1080,1664,1.193,1.2021,1.3017,1.4108,1.0844,1.805,-0.042,0.3091,0.1798,95959,1743579,47
count-30,3,30,10000,1024,30,1,1,rgba8,4,0,4,300000,157560,30,90,479.9999,10.6458,11.7804,1920,1080,1611,1.2205,1.2417,1.3731,1.6855,1.1081,3.4654,-0.7163,0.397,0.2656,295959,1983576,56
count-100,3,100,10000,1024,64,1,1,rgba8,4,0,4,1000000,525200,64,192,1023.9998,22.7109,21.5021,1920,1080,1573,1.2585,1.2716,1.4064,1.5081,1.1036,2.1583,-0.6447,0.5489,0.4122,995959,2163325.9337,84
count-300,3,300,10000,1024,64,1,1,rgba8,4,0,4,3000000,1575600,64,192,1023.9998,22.7109,37.307,1920,1080,994,2.0042,2.0132,2.2338,2.4599,1.6101,2.8189,-0.4915,0.8518,0.7112,2995959,2330206.3306,97
count-1k,3,1000,10000,1024,64,1,1,rgba8,4,0,4,10000000,5252000,64,192,1023.9998,22.7109,68.1717,1920,1080,455,4.3702,4.402,4.6917,5.1439,3.726,5.6502,-0.3344,1.5219,1.3849,9995959,2213570.5179,99
count-3k,3,3000,10000,1024,64,1,1,rgba8,4,0,4,30000000,15756000,64,192,1023.9998,22.7109,117.9932,1920,1080,218,9.1381,9.1933,9.5022,10.5393,8.7452,11.1536,0.0128,3.0667,2.9249,29995959,2737495.2222,99
count-noshadow-100,3,100,10000,1024,64,0,1,rgba8,4,0,4,1000000,525200,64,192,1023.9998,22.7109,21.5021,1920,1080,1879,1.0557,1.0649,1.1612,1.2534,0.9635,1.3765,0.3052,0.398,0.2826,995959,1714388.094,52
count-noshadow-1k,3,1000,10000,1024,64,0,1,rgba8,4,0,4,10000000,5252000,64,192,1023.9998,22.7109,68.1717,1920,1080,1234,1.5798,1.6215,1.8243,1.9459,1.027,2.9278,0.0692,1.4113,1.2902,9995959,2011224.5325,96
count-noshadow-3k,3,3000,10000,1024,64,0,1,rgba8,4,0,4,30000000,15756000,64,192,1023.9998,22.7109,117.9932,1920,1080,603,3.3251,3.3215,3.5416,3.8505,2.8112,4.3186,-0.1171,3.0621,2.9386,29995959,2209016.9333,98
count-shared-100,3,100,10000,1024,1,1,1,rgba8,4,0,4,1000000,525200,1,3,16,0.3549,21.5021,1920,1080,1617,1.2254,1.2372,1.3515,1.468,1.1302,1.609,0.7163,0.4324,0.2965,996095,1714696.2129,75
count-shared-1k,3,1000,10000,1024,1,1,1,rgba8,4,0,4,10000000,5252000,1,3,16,0.3549,68.1717,1920,1080,460,4.314,4.3549,4.6126,4.8833,3.8505,5.1168,-0.0197,1.5201,1.3825,9996095,2491896.0351,99
count-shared-3k,3,3000,10000,1024,1,1,1,rgba8,4,0,4,30000000,15756000,1,3,16,0.3549,117.9932,1920,1080,218,9.1502,9.2052,9.7466,10.0619,8.4963,10.3245,-0.1216,3.1272,2.9872,29996095,2604265.1111,99
check-counts,3,100,10000,1024,100,1,1,rgba8,4,0,4,1000000,525200,100,300,1599.9996,35.4858,21.5021,1920,1080,1507,1.3092,1.3277,1.4602,1.6186,1.1942,2.3501,0.2574,0.4848,0.3497,995959,1731251.2074,78
mix-300x20k,3,300,20000,1024,64,1,1,rgba8,4,0,4,6000000,3099600,64,192,1023.9998,44.918,37.307,1920,1080,600,3.3276,3.3345,3.6612,3.9791,2.185,4.399,-0.2429,1.327,1.1875,5991713,2634095.3867,98
mix-300x50k,3,300,50000,1024,64,1,1,rgba8,4,0,4,15000000,7658100,64,192,1023.9998,111.4072,37.307,1920,1080,298,6.7165,6.7161,7.0493,7.6543,6.1491,8.0768,0.0912,2.0239,1.887,14978869,2433031.7297,99
mix-1kx20k,3,1000,20000,1024,64,1,1,rgba8,4,0,4,20000000,10332000,64,192,1023.9998,44.918,68.1717,1920,1080,256,7.8123,7.8189,8.0766,8.8464,7.3852,9.5219,0.0589,2.5277,2.3903,19991713,2769124.6562,99
mix-1kx50k,3,1000,50000,1024,64,1,1,rgba8,4,0,4,50000000,25527000,64,192,1023.9998,111.4072,68.1717,1920,1080,200,17.1067,17.21,18.1803,19.15,16.622,19.3087,-0.0575,4.5737,4.4379,49978869,2106131.16,100
mix-3kx20k,3,3000,20000,1024,64,1,1,rgba8,4,0,4,60000000,30996000,64,192,1023.9998,44.918,117.9932,1920,1080,200,17.1576,17.287,18.5585,18.9039,16.7218,19.2641,0.0425,5.3678,5.2235,59991713,2990463.12,100
cascades-1-1kx20k,3,1000,20000,1024,64,1,1,rgba8,4,0,1,20000000,10332000,64,192,1023.9998,44.918,68.1717,1920,1080,463,4.2894,4.3248,4.5548,4.8096,3.963,5.3436,-0.2674,2.3367,2.2135,19991713,1953645.3158,99
cascades-2-1kx20k,3,1000,20000,1024,64,1,1,rgba8,4,0,2,20000000,10332000,64,192,1023.9998,44.918,68.1717,1920,1080,420,4.7611,4.7622,5.0702,5.3712,4.2499,5.677,0.0564,2.476,2.3483,19991713,2407321.1538,99
msaa-off-100x10k,3,100,10000,1024,100,1,1,rgba8,1,0,4,1000000,525200,100,300,1599.9996,35.4858,21.5021,1920,1080,1524,1.2996,1.3128,1.4384,1.5609,1.1992,1.677,-0.0516,0.4068,0.2704,995959,1558321.0211,69
msaa-off-1kx20k,3,1000,20000,1024,64,1,1,rgba8,1,0,4,20000000,10332000,64,192,1023.9998,44.918,68.1717,1920,1080,282,7.0573,7.1115,7.5531,8.0313,5.9386,8.7846,0.1244,1.8654,1.7293,19991713,1746141.1429,99
check-mixes,3,100,10000,1024,100,1,1,rgba8,4,0,4,1000000,525200,100,300,1599.9996,35.4858,21.5021,1920,1080,1511,1.3052,1.3241,1.4655,1.6408,1.1637,2.8936,0.7054,0.555,0.4182,995959,1953119.7447,74
count-1k-lod,3,1000,10000,1024,64,1,1,rgba8,4,1,4,635828,369836,211,192,1023.9998,15.3952,68.1717,1920,1080,1565,1.2617,1.2781,1.404,1.5627,1.161,1.9123,1.0826,0.5154,0.3775,631787,2323597.3744,72
count-3k-lod,3,3000,10000,1024,64,1,1,rgba8,4,1,4,947828,593836,211,192,1023.9998,15.3952,117.9932,1920,1080,1518,1.3061,1.3183,1.4305,1.5328,1.1794,2.4006,-0.3262,0.4962,0.3568,943787,1865901.1534,74
mix-300x20k-lod,3,300,20000,1024,64,1,1,rgba8,4,1,4,1016250,541410,147,192,1023.9998,29.3085,37.307,1920,1080,1558,1.2653,1.2845,1.4509,1.5433,1.1627,1.8122,0.2204,0.4933,0.3562,1007963,1787759.7577,78
mix-300x50k-lod,3,300,50000,1024,64,1,1,rgba8,4,1,4,2540408,1336242,147,192,1023.9998,72.6685,37.307,1920,1080,988,2.016,2.0247,2.2666,2.4934,1.4701,3.4789,-0.7019,0.962,0.8179,2519277,2617334.5366,97
mix-1kx20k-lod,3,1000,20000,1024,64,1,1,rgba8,4,1,4,1272170,698850,211,192,1023.9998,30.1112,68.1717,1920,1080,1475,1.3326,1.3568,1.5254,1.6786,1.1738,2.402,-1.6838,0.7317,0.5898,1263883,2533484.4946,95
mix-1kx50k-lod,3,1000,50000,1024,64,1,1,rgba8,4,1,4,3180168,1708302,211,192,1023.9998,74.5845,68.1717,1920,1080,856,2.3443,2.3369,2.6433,2.8233,1.777,3.4381,0.7383,1.0643,0.9148,3159037,2824995.3738,97
mix-3kx20k-lod,3,3000,20000,1024,64,1,1,rgba8,4,1,4,1896170,1090850,211,192,1023.9998,30.1112,117.9932,1920,1080,1285,1.5247,1.5565,1.7735,1.9904,1.3187,2.3023,2.745,0.8269,0.68,1887883,2532368.8062,95
check-lods,3,100,10000,1024,100,1,1,rgba8,4,0,4,1000000,525200,100,300,1599.9996,35.4858,21.5021,1920,1080,1521,1.3067,1.3157,1.4371,1.5441,1.1294,1.9241,0.3994,0.567,0.4285,995959,2179352.3421,85
count-distinct-100,3,100,10000,256,100,1,1,rgba8,4,0,4,1000000,525200,100,300,99.9996,35.4858,21.5021,1920,1080,1520,1.3006,1.3159,1.4651,1.5616,1.1664,1.9105,0.3473,0.5385,0.4019,995959,2006419.0316,83
count-distinct-1k,3,1000,10000,256,1000,1,1,rgba8,4,0,4,10000000,5252000,1000,3000,999.9962,354.8584,68.1717,1920,1080,432,4.6278,4.6323,5.0348,5.618,4.03,5.9426,-0.1992,1.675,1.5135,9995959,2061413.4444,99
count-distinct-3k,3,3000,10000,256,3000,1,1,rgba8,4,0,4,30000000,15756000,3000,9000,2999.9886,1064.5752,117.9932,1920,1080,201,9.878,9.9685,11.403,12.7199,7.4075,13.0319,0.7291,3.6251,3.3305,29995959,1994811.56,99
check-distinct,3,100,10000,1024,100,1,1,rgba8,4,0,4,1000000,525200,100,300,1599.9996,35.4858,21.5021,1920,1080,1246,1.5858,1.6058,1.7649,1.9257,1.4469,2.4177,-0.0765,0.4424,0.31,995959,1592922.471,59
