name,count,tris_per_asset,texture_size,unique_assets,shadows,mips,format,msaa,lod,cascades,triangles_total,farthest_asset_m,frame_ms_median,frame_ms_median_lowest,frame_ms_median_highest,spread_percent,frame_ms_p95,frame_ms_p99,gpu_pass_ms,opaque_pass_gpu_ms,opaque_triangles_drawn,gpu_utilisation_percent
empty,0,10000,1024,0,1,1,rgba8,4,0,4,0,0,1.1383,1.1266,1.1473,1.8183,1.2794,1.3992,0.2132,0.0845,3,39
empty-noshadow,0,10000,1024,0,0,1,rgba8,4,0,4,0,0,1.008,1,1.0207,2.0525,1.1096,1.2108,0.2032,0.0656,3,40
tris-1k,100,1000,1024,100,1,1,rgba8,4,0,4,100000,21.5021,1.3055,1.2897,1.3108,1.6161,1.4575,1.6183,0.3753,0.2427,99659,49
tris-2k,100,2000,1024,100,1,1,rgba8,4,0,4,200000,21.5021,1.3068,1.2947,1.3094,1.1231,1.4522,1.5628,0.3653,0.2315,199277,49
tris-5k,100,5000,1024,100,1,1,rgba8,4,0,4,500000,21.5021,1.3088,1.3017,1.3171,1.1727,1.449,1.5565,0.4563,0.3208,498032,61
tris-10k,100,10000,1024,100,1,1,rgba8,4,0,4,1000000,21.5021,1.3054,1.3019,1.3136,0.8972,1.4538,1.5482,0.5842,0.4463,995959,84
tris-20k,100,20000,1024,100,1,1,rgba8,4,0,4,2000000,21.5021,1.7148,1.7048,1.7179,0.7665,1.9508,2.1353,0.8715,0.7293,1991713,96
tris-50k,100,50000,1024,100,1,1,rgba8,4,0,4,5000000,21.5021,3.1604,3.1567,3.1627,0.1892,3.4414,3.6606,1.2214,1.082,4978869,98
tris-100k,100,100000,1024,100,1,1,rgba8,4,0,4,10000000,21.5021,5.5376,5.5182,5.554,0.6462,5.819,6.3842,1.7929,1.6533,9957317,99
tris-200k,100,200000,1024,100,1,1,rgba8,4,0,4,20000000,21.5021,9.4012,9.3836,9.4058,0.2371,9.8622,10.825,2.4067,2.2679,19914107,99
tris-500k,100,500000,1024,100,1,1,rgba8,4,0,4,50000000,21.5021,21.7564,21.7163,21.774,0.2649,23.0453,24.1171,4.797,4.634,49784107,100
tris-1m,100,1000000,1024,100,1,1,rgba8,4,0,4,100000000,21.5021,43.9072,43.7763,43.9381,0.3685,45.9523,46.6135,9.1131,8.941,99567270,100
tris-noshadow-1k,100,1000,1024,100,0,1,rgba8,4,0,4,100000,21.5021,1.0745,1.0677,1.0792,1.0639,1.1799,1.2861,0.2661,0.1499,99659,39
tris-noshadow-10k,100,10000,1024,100,0,1,rgba8,4,0,4,1000000,21.5021,1.0681,1.0666,1.0771,0.9764,1.1758,1.2696,0.4395,0.3245,995959,56
tris-noshadow-50k,100,50000,1024,100,0,1,rgba8,4,0,4,5000000,21.5021,1.2265,1.2181,1.2271,0.7343,1.4716,1.6169,1.0332,0.9109,4978869,95
tris-noshadow-100k,100,100000,1024,100,0,1,rgba8,4,0,4,10000000,21.5021,1.7459,1.7367,1.7835,2.6783,2.0059,2.2449,1.5832,1.4578,9957317,97
tris-noshadow-500k,100,500000,1024,100,0,1,rgba8,4,0,4,50000000,21.5021,5.4062,5.3971,5.4186,0.3978,5.839,6.0927,5.2393,5.11,49784107,99
tris-noshadow-1m,100,1000000,1024,100,0,1,rgba8,4,0,4,100000000,21.5021,9.6728,9.6562,9.673,0.1734,10.4134,10.7016,9.5316,9.4011,99567270,99
check-triangles,100,10000,1024,100,1,1,rgba8,4,0,4,1000000,21.5021,1.3174,1.3117,1.3206,0.6752,1.4469,1.5549,0.5497,0.4126,995959,79
tex-256,300,10000,256,12,1,1,rgba8,4,0,4,3000000,37.307,1.9254,1.917,1.9256,0.4418,2.1391,2.4406,0.8123,0.6716,2995959,97
tex-512,300,10000,512,12,1,1,rgba8,4,0,4,3000000,37.307,1.9286,1.9261,1.9323,0.3226,2.1481,2.3369,0.8151,0.6763,2995959,97
tex-1024,300,10000,1024,12,1,1,rgba8,4,0,4,3000000,37.307,1.9345,1.9262,1.9366,0.5365,2.1704,2.6278,0.8161,0.6769,2995959,97
tex-2048,300,10000,2048,12,1,1,rgba8,4,0,4,3000000,37.307,1.7938,1.7866,1.8021,0.8668,2.0056,2.2027,0.7084,0.5714,2995959,97
tex-4096,300,10000,4096,12,1,1,rgba8,4,0,4,3000000,37.307,1.9518,1.9466,1.9569,0.5293,2.2228,2.6203,0.8559,0.7166,2995959,97
tex-nomips-1024,300,10000,1024,12,1,0,rgba8,4,0,4,3000000,37.307,1.9413,1.9376,1.9461,0.4355,2.1522,2.3029,0.8345,0.6961,2995959,97
tex-nomips-4096,300,10000,4096,12,1,0,rgba8,4,0,4,3000000,37.307,2.7984,2.7976,2.8123,0.5238,3.0421,3.2349,1.6059,1.4654,2995959,98
tex-bc7-1024,300,10000,1024,12,1,1,bc7,4,0,4,3000000,37.307,1.7754,1.7535,1.7771,1.3278,1.9809,2.1523,0.6778,0.5384,2995959,96
tex-bc7-2048,300,10000,2048,12,1,1,bc7,4,0,4,3000000,37.307,1.9304,1.9304,1.932,0.0867,2.1597,2.3665,0.8179,0.6762,2995959,97
tex-bc7-4096,300,10000,4096,12,1,1,bc7,4,0,4,3000000,37.307,1.8301,1.828,1.8334,0.2941,2.0327,2.1693,0.7351,0.5946,2995959,97
check-textures,100,10000,1024,100,1,1,rgba8,4,0,4,1000000,21.5021,1.3103,1.3027,1.3171,1.1025,1.4418,1.561,0.5631,0.4265,995959,81
count-1,1,10000,1024,1,1,1,rgba8,4,0,4,10000,1,1.181,1.1663,1.2095,3.6574,1.3479,1.4696,0.24,0.1109,8205,40
count-10,10,10000,1024,10,1,1,rgba8,4,0,4,100000,6.197,1.193,1.1914,1.2055,1.1816,1.3145,1.4155,0.3086,0.1794,95959,47
count-30,30,10000,1024,30,1,1,rgba8,4,0,4,300000,11.7804,1.2171,1.2138,1.2205,0.5498,1.3705,1.6855,0.3966,0.2649,295959,56
count-100,100,10000,1024,64,1,1,rgba8,4,0,4,1000000,21.5021,1.2615,1.2585,1.2654,0.5481,1.4064,1.5141,0.5489,0.4122,995959,84
count-300,300,10000,1024,64,1,1,rgba8,4,0,4,3000000,37.307,2.0042,1.9878,2.0201,1.6093,2.2338,2.4472,0.8518,0.7112,2995959,97
count-1k,1000,10000,1024,64,1,1,rgba8,4,0,4,10000000,68.1717,4.3702,4.3009,4.386,1.9475,4.6638,5.08,1.5273,1.3895,9995959,99
count-3k,3000,10000,1024,64,1,1,rgba8,4,0,4,30000000,117.9932,9.1381,9.1376,9.1506,0.1417,9.609,10.5393,3.0667,2.9249,29995959,99
count-noshadow-100,100,10000,1024,64,0,1,rgba8,4,0,4,1000000,21.5021,1.0599,1.0557,1.0613,0.5257,1.1766,1.2907,0.3764,0.2612,995959,51
count-noshadow-1k,1000,10000,1024,64,0,1,rgba8,4,0,4,10000000,68.1717,1.5798,1.5775,1.6007,1.4663,1.8347,1.9876,1.4131,1.2917,9995959,96
count-noshadow-3k,3000,10000,1024,64,0,1,rgba8,4,0,4,30000000,117.9932,3.3251,3.3141,3.3475,1.0063,3.5501,3.8417,3.1241,2.9987,29995959,98
count-shared-100,100,10000,1024,1,1,1,rgba8,4,0,4,1000000,21.5021,1.2261,1.2254,1.2383,1.0517,1.3515,1.468,0.4363,0.3005,996095,76
count-shared-1k,1000,10000,1024,1,1,1,rgba8,4,0,4,10000000,68.1717,4.314,4.3076,4.3274,0.4571,4.6126,4.8454,1.5201,1.3825,9996095,99
count-shared-3k,3000,10000,1024,1,1,1,rgba8,4,0,4,30000000,117.9932,9.1602,9.1502,9.1693,0.2085,9.6995,10.0097,3.1147,2.9727,29996095,99
check-counts,100,10000,1024,100,1,1,rgba8,4,0,4,1000000,21.5021,1.3069,1.3057,1.3092,0.2667,1.4539,1.6186,0.4848,0.3497,995959,75
mix-300x20k,300,20000,1024,64,1,1,rgba8,4,0,4,6000000,37.307,3.3034,3.2676,3.3276,1.8167,3.6023,3.8303,1.314,1.1756,5991713,98
mix-300x50k,300,50000,1024,64,1,1,rgba8,4,0,4,15000000,37.307,6.6931,6.6339,6.7165,1.2353,7.0863,7.6613,2.0239,1.887,14978869,99
mix-1kx20k,1000,20000,1024,64,1,1,rgba8,4,0,4,20000000,68.1717,7.7784,7.7319,7.8123,1.0341,8.0912,8.8464,2.5045,2.3658,19991713,99
mix-1kx50k,1000,50000,1024,64,1,1,rgba8,4,0,4,50000000,68.1717,17.0799,17.0734,17.1067,0.1954,18.0892,19.1148,4.5972,4.4604,49978869,100
mix-3kx20k,3000,20000,1024,64,1,1,rgba8,4,0,4,60000000,117.9932,17.1576,17.1411,17.1679,0.1561,18.3268,18.9039,5.4173,5.274,59991713,100
cascades-1-1kx20k,1000,20000,1024,64,1,1,rgba8,4,0,1,20000000,68.1717,4.2935,4.2894,4.3492,1.3918,4.5604,4.8476,2.3367,2.2135,19991713,98
cascades-2-1kx20k,1000,20000,1024,64,1,1,rgba8,4,0,2,20000000,68.1717,4.7463,4.7021,4.7611,1.2424,5.0072,5.3712,2.476,2.3483,19991713,99
msaa-off-100x10k,100,10000,1024,100,1,1,rgba8,1,0,4,1000000,21.5021,1.3075,1.2996,1.3103,0.8169,1.457,1.5875,0.4068,0.2704,995959,69
msaa-off-1kx20k,1000,20000,1024,64,1,1,rgba8,1,0,4,20000000,68.1717,7.061,7.0573,7.0637,0.0911,7.5531,8.0424,1.8654,1.7293,19991713,99
check-mixes,100,10000,1024,100,1,1,rgba8,4,0,4,1000000,21.5021,1.3052,1.2996,1.3119,0.9411,1.4655,1.6408,0.555,0.4182,995959,82
count-1k-lod,1000,10000,1024,64,1,1,rgba8,4,1,4,635828,68.1717,1.2728,1.2617,1.2786,1.3242,1.411,1.5627,0.5119,0.3736,631787,71
count-3k-lod,3000,10000,1024,64,1,1,rgba8,4,1,4,947828,117.9932,1.3133,1.3061,1.322,1.2101,1.4755,1.6159,0.4962,0.3568,943787,74
mix-300x20k-lod,300,20000,1024,64,1,1,rgba8,4,1,4,1016250,37.307,1.2642,1.2631,1.2653,0.1759,1.4033,1.5249,0.4892,0.3519,1007963,78
mix-300x50k-lod,300,50000,1024,64,1,1,rgba8,4,1,4,2540408,37.307,2.0264,2.016,2.0292,0.6469,2.2746,2.4934,0.967,0.8231,2519277,97
mix-1kx20k-lod,1000,20000,1024,64,1,1,rgba8,4,1,4,1272170,68.1717,1.3326,1.3297,1.3346,0.3729,1.5254,1.6786,0.7193,0.5776,1263883,95
mix-1kx50k-lod,1000,50000,1024,64,1,1,rgba8,4,1,4,3180168,68.1717,2.3443,2.3308,2.3643,1.4313,2.6433,2.8233,1.0643,0.9148,3159037,97
mix-3kx20k-lod,3000,20000,1024,64,1,1,rgba8,4,1,4,1896170,117.9932,1.5244,1.5017,1.5247,1.5115,1.7552,1.9593,0.8269,0.68,1887883,95
check-lods,100,10000,1024,100,1,1,rgba8,4,0,4,1000000,21.5021,1.3067,1.3011,1.3068,0.434,1.4371,1.5441,0.5729,0.4299,995959,85
count-distinct-100,100,10000,256,100,1,1,rgba8,4,0,4,1000000,21.5021,1.3006,1.2812,1.31,2.2124,1.4516,1.5616,0.5304,0.3948,995959,82
count-distinct-1k,1000,10000,256,1000,1,1,rgba8,4,0,4,10000000,68.1717,4.6163,4.6089,4.6278,0.4082,4.991,5.4619,1.7194,1.5587,9995959,99
count-distinct-3k,3000,10000,256,3000,1,1,rgba8,4,0,4,30000000,117.9932,9.9034,9.878,9.9224,0.4485,11.3376,12.3901,3.6251,3.3305,29995959,99
check-distinct,100,10000,1024,100,1,1,rgba8,4,0,4,1000000,21.5021,1.5811,1.5776,1.5858,0.5234,1.7649,1.9299,0.4447,0.31,995959,63
