run,seconds,peak_rss_mb,exit,signal,uv,angle,island_margin,pack,normals,sharp_angle,size,samples,cage_extrusion,max_ray_distance,margin,margin_type,colour,fit,jpeg,weld,device,gpu_bake_error,uv_seconds,bake_seconds,import_high_seconds,ray_missed_share,ray_hit_p99_mm,nearest_dense_p99_mm,ray_far_hit_share,triangles,vertices_stored,bytes,uv_islands,uv_seam_share,uv_coverage,uv_area_sum,validator_errors,validator_warnings,texel_px_per_m,texel_p05,texel_p95,images,sha256,image_sha256,diff_three_quarter_mean,diff_three_quarter_over8,diff_closest_mean,diff_closest_over8,diff_front_mean,diff_front_over8,diff_back_mean,diff_back_over8,diff_top_mean,diff_top_over8
bake_crate__1024,15.2,3057.6,0,,smart,66.0,0.003,none,clear,0.0,1024,1,0.02,0.04,4,ADJACENT_FACES,emit,none,True,1e-06,OPTIX,,0.086,7.58,3.489,0.00185,0.072,0.065,0.00336,20000,12388,1339192,74,0.0776,0.5579,0.5566,0,1,366.6,366.1,366.8,normalTexture:png:1024:660342 baseColorTexture:jpeg:1024:73719 metallicRoughnessTexture:jpeg:1024:87014,4cb0d0758b6446421c9db9cd28510a1fbf50b6fd0bf058435a70ae90e1302deb,8b95b6078111 2ac3e564a6f2 dd71dc38b3b2,0.1369,0.00123,0.344,0.00229,0.1668,0.00089,0.0928,0.00046,0.192,0.00147
bake_crate__1024_keeppack,20.63,3233.1,0,,keep,66.0,0.003,concave,clear,0.0,1024,1,0.001,0.002,2,ADJACENT_FACES,emit,none,True,1e-06,OPTIX,,2.367,9.41,2.74,0.0019,0.071,0.065,0.00241,20000,13514,2069512,250,0.1088,0.6219,0.6221,0,1,387.6,250.1,451.0,normalTexture:png:1024:956409 baseColorTexture:jpeg:1024:243526 metallicRoughnessTexture:jpeg:1024:315426,c29b339b12eb5d2316f355e4655425b0f6dff1b3592ec1a4a620d11def7ceb44,d226eba656d9 e2e8b815e3af 024383ca3773,0.1982,0.00217,0.4727,0.00384,0.2302,0.00178,0.1397,0.00122,0.2819,0.00277
bake_crate__2048,18.51,3588.3,0,,smart,66.0,0.003,none,clear,0.0,2048,1,0.02,0.04,8,ADJACENT_FACES,emit,none,True,1e-06,OPTIX,,0.085,10.48,3.563,0.00185,0.072,0.065,0.00336,20000,12388,3009744,74,0.0776,0.5579,0.5566,0,1,733.2,732.1,733.6,normalTexture:png:2048:2063799 baseColorTexture:jpeg:2048:202659 metallicRoughnessTexture:jpeg:2048:225170,38d024bc05f46168f9afe8904f38b7465ec77236f982ed274bb58e4ce8ee1692,a48dfb878099 ce8094d070ed 59842ce33633,0.1078,0.00114,0.2623,0.00186,0.1316,0.00116,0.0689,0.00065,0.1533,0.00119
bake_crate__2048_again,17.83,3640.5,0,,smart,66.0,0.003,none,clear,0.0,2048,1,0.02,0.04,8,ADJACENT_FACES,emit,none,True,1e-06,OPTIX,,0.087,10.43,3.17,0.00185,0.072,0.065,0.00336,20000,12388,3009748,74,0.0776,0.5579,0.5566,0,1,733.2,732.1,733.6,normalTexture:png:2048:2063801 baseColorTexture:jpeg:2048:202659 metallicRoughnessTexture:jpeg:2048:225170,709213a3e6c216604347b307c7df2ff4be9fb542a6a510248804e8fe9802ea11,2a382e533463 ce8094d070ed 59842ce33633,0.1078,0.00114,0.2623,0.00186,0.1316,0.00116,0.0689,0.00065,0.1533,0.00119
bake_crate__2048_autocage,22.21,3730.7,0,,smart,66.0,0.003,none,clear,0.0,2048,1,0.001,0.002,8,ADJACENT_FACES,emit,none,True,1e-06,OPTIX,,0.089,11.32,4.374,0.0019,0.071,0.065,0.00241,20000,12388,3009180,74,0.0776,0.5579,0.5566,0,1,733.2,732.1,733.6,normalTexture:png:2048:2063245 baseColorTexture:jpeg:2048:202622 metallicRoughnessTexture:jpeg:2048:225195,7405e8a1d3ca18c0c4491bf0961e0fc14eddae2ba3300007e1be360a178a0992,e65e1f58e103 0d1e77a06cf6 68c5ba5ac3f8,0.1078,0.00114,0.2623,0.00186,0.1316,0.00116,0.0689,0.00065,0.1532,0.00119
bake_crate__2048_cage0,18.89,3710.2,0,,smart,66.0,0.003,none,clear,0.0,2048,1,0.0,0.0,8,ADJACENT_FACES,emit,none,True,1e-06,OPTIX,,0.065,11.53,2.983,0.0011,981.283,0.065,0.42015,20000,12388,4239920,74,0.0776,0.5579,0.5566,0,1,733.2,732.1,733.6,normalTexture:png:2048:2906393 baseColorTexture:jpeg:2048:530181 metallicRoughnessTexture:jpeg:2048:285225,b2f08b5e9223aa7fcd16bd3cf08294c93e1867d5ea7af2e5bf9a584d1ea04423,5cd5dc7b244b 610c74f46b87 698dac77e3a0,3.0008,0.13764,5.2313,0.31636,2.5618,0.15484,3.0358,0.09746,3.9897,0.1721
bake_crate__2048_cage1mm,17.14,3708.2,0,,smart,66.0,0.003,none,clear,0.0,2048,1,0.001,0.002,8,ADJACENT_FACES,emit,none,True,1e-06,OPTIX,,0.063,10.07,2.904,0.0019,0.071,0.065,0.00241,20000,12388,3009180,74,0.0776,0.5579,0.5566,0,1,733.2,732.1,733.6,normalTexture:png:2048:2063245 baseColorTexture:jpeg:2048:202622 metallicRoughnessTexture:jpeg:2048:225195,7405e8a1d3ca18c0c4491bf0961e0fc14eddae2ba3300007e1be360a178a0992,e65e1f58e103 0d1e77a06cf6 68c5ba5ac3f8,0.1078,0.00114,0.2623,0.00186,0.1316,0.00116,0.0689,0.00065,0.1532,0.00119
bake_crate__2048_cage20mm_nolimit,17.05,3665.7,0,,smart,66.0,0.003,none,clear,0.0,2048,1,0.02,0.0,8,ADJACENT_FACES,emit,none,True,1e-06,OPTIX,,0.064,9.99,2.876,0.00095,0.074,0.065,0.00425,20000,12388,3009744,74,0.0776,0.5579,0.5566,0,1,733.2,732.1,733.6,normalTexture:png:2048:2063799 baseColorTexture:jpeg:2048:202659 metallicRoughnessTexture:jpeg:2048:225170,38d024bc05f46168f9afe8904f38b7465ec77236f982ed274bb58e4ce8ee1692,a48dfb878099 ce8094d070ed 59842ce33633,0.1078,0.00114,0.2623,0.00186,0.1316,0.00116,0.0689,0.00065,0.1533,0.00119
bake_crate__2048_cage50mm,17.19,3721.8,0,,smart,66.0,0.003,none,clear,0.0,2048,1,0.05,0.1,8,ADJACENT_FACES,emit,none,True,1e-06,OPTIX,,0.062,10.23,2.806,0.00185,0.073,0.065,0.00371,20000,12388,3009864,74,0.0776,0.5579,0.5566,0,1,733.2,732.1,733.6,normalTexture:png:2048:2063936 baseColorTexture:jpeg:2048:202616 metallicRoughnessTexture:jpeg:2048:225199,fdc289d75214a9aa05853a686d6708a469defb68b46046719aa8e63ce91e76ed,bc9ebc057b06 1ad6b8428a79 ec5048fe18fd,0.1078,0.00114,0.2623,0.00186,0.1316,0.00116,0.0689,0.00065,0.1533,0.00119
bake_crate__2048_cage5mm,17.25,3679.7,0,,smart,66.0,0.003,none,clear,0.0,2048,1,0.005,0.01,8,ADJACENT_FACES,emit,none,True,1e-06,OPTIX,,0.064,10.08,2.981,0.0019,0.072,0.065,0.00316,20000,12388,3009408,74,0.0776,0.5579,0.5566,0,1,733.2,732.1,733.6,normalTexture:png:2048:2063564 baseColorTexture:jpeg:2048:202603 metallicRoughnessTexture:jpeg:2048:225126,410dfe8896d0bd2ce6ee7797ed8251720bf665f78744951e6d365eebf60fee7e,73abad12ed92 edf35631fab2 7763527d498c,0.1078,0.00114,0.2623,0.00186,0.1316,0.00116,0.0689,0.00065,0.1532,0.00119
bake_crate__2048_cpu,17.75,3568.9,0,,smart,66.0,0.003,none,clear,0.0,2048,1,0.02,0.04,8,ADJACENT_FACES,emit,none,True,1e-06,CPU,,0.063,10.37,3.132,0.00185,0.072,0.065,0.00336,20000,12388,3009564,74,0.0776,0.5579,0.5566,0,1,733.2,732.1,733.6,normalTexture:png:2048:2063592 baseColorTexture:jpeg:2048:202655 metallicRoughnessTexture:jpeg:2048:225204,437ff590d48dc154e91925a838df53c878b343fa7e9e9461a32e6a307d2256fd,5a221d2666c1 c90f8f8c331d 1f7b43d477d2,0.1078,0.00114,0.2622,0.00186,0.1316,0.00116,0.069,0.00065,0.1532,0.00119
bake_crate__2048_cpu_again,17.33,3548.2,0,,smart,66.0,0.003,none,clear,0.0,2048,1,0.02,0.04,8,ADJACENT_FACES,emit,none,True,1e-06,CPU,,0.063,10.03,3.123,0.00185,0.072,0.065,0.00336,20000,12388,3009572,74,0.0776,0.5579,0.5566,0,1,733.2,732.1,733.6,normalTexture:png:2048:2063597 baseColorTexture:jpeg:2048:202655 metallicRoughnessTexture:jpeg:2048:225204,f39c8c733b156510da577b8014fdff2410af753131b7048a78328e69fc30d4a1,940c109a90e4 c90f8f8c331d 1f7b43d477d2,0.1078,0.00114,0.2622,0.00186,0.1316,0.00116,0.069,0.00065,0.1532,0.00119
bake_crate__2048_diffuse,18.13,3727.6,0,,smart,66.0,0.003,none,clear,0.0,2048,1,0.02,0.04,8,ADJACENT_FACES,diffuse,none,True,1e-06,OPTIX,,0.07,10.26,3.343,0.00185,0.072,0.065,0.00336,20000,12388,3017236,74,0.0776,0.5579,0.5566,0,1,733.2,732.1,733.6,normalTexture:png:2048:2063799 baseColorTexture:jpeg:2048:210149 metallicRoughnessTexture:jpeg:2048:225170,7c2fe2e5d0c704cf17153807753463a8fc70d910af437bc38329361c418c48ec,a48dfb878099 fca5ad737e4b 59842ce33633,0.3277,0.00117,0.8201,0.00172,0.4086,0.00126,0.271,0.00072,0.46,0.00125
bake_crate__2048_extend,17.58,3682.1,0,,smart,66.0,0.003,none,clear,0.0,2048,1,0.02,0.04,8,EXTEND,emit,none,True,1e-06,OPTIX,,0.067,10.34,2.98,0.00185,0.072,0.065,0.00336,20000,12388,2962372,74,0.0776,0.5579,0.5566,0,1,733.2,732.1,733.6,normalTexture:png:2048:2063799 baseColorTexture:jpeg:2048:182509 metallicRoughnessTexture:jpeg:2048:197945,c204f11fe886f9e9e966c273a2ca146702bc14ccefa59e24aa9725483c9539c3,a48dfb878099 1e536eb5378a 21de1dcd7195,0.1066,0.00114,0.2597,0.00181,0.1309,0.00117,0.0688,0.00064,0.1526,0.00118
bake_crate__2048_keeppack,25.42,3840.1,0,,keep,66.0,0.003,concave,clear,0.0,2048,1,0.001,0.002,2,ADJACENT_FACES,emit,none,True,1e-06,OPTIX,,3.209,11.3,4.239,0.0019,0.071,0.065,0.00241,20000,13514,4908736,250,0.1088,0.6695,0.6696,0,1,804.2,519.0,935.8,normalTexture:png:2048:2970089 baseColorTexture:jpeg:2048:609873 metallicRoughnessTexture:jpeg:2048:774620,850338b42f3ee70230ac772f2478dc40cdd2d57d90949af96c4e5acf8c7a9823,bf999a196eb3 dcf61d74e8e7 b96567d2f102,0.1456,0.00158,0.3401,0.00232,0.1704,0.00139,0.1011,0.00106,0.2107,0.00168
bake_crate__2048_keeppack_m8,24.64,3772.0,0,,keep,66.0,0.003,concave,clear,0.0,2048,1,0.001,0.002,8,ADJACENT_FACES,emit,none,True,1e-06,OPTIX,,3.29,11.71,2.893,0.0019,0.071,0.065,0.00241,20000,13514,4819408,250,0.1088,0.6695,0.6696,0,1,804.2,519.0,935.8,normalTexture:png:2048:3210342 baseColorTexture:jpeg:2048:484327 metallicRoughnessTexture:jpeg:2048:570586,9e14e5d8c65c88b611d35c6a927ca7a775a523a7c373f94880c025bca97295ba,b23cb7a9902f 940d30f4183d 1efb0e0f60fa,0.1209,0.00152,0.2813,0.00224,0.1408,0.00135,0.0796,0.00105,0.173,0.00154
bake_crate__2048_keepuv,25.62,3679.0,0,,keep,66.0,0.003,none,clear,0.0,2048,1,0.02,0.04,8,ADJACENT_FACES,emit,none,True,1e-06,OPTIX,,0.0,14.01,5.926,0.00185,0.072,0.065,0.00336,20000,13433,4681492,250,0.1088,0.5599,0.56,0,1,735.4,436.1,866.9,normalTexture:png:2048:2878941 baseColorTexture:jpeg:2048:552117 metallicRoughnessTexture:jpeg:2048:698871,d6aca04b9cda4fff91908f8d8af082579e453b48c30991fbd025d5730ebc4f39,c50e1df5bae8 34646d0cd3f7 1516ec8f7490,0.1285,0.00156,0.2967,0.00241,0.1467,0.00135,0.0858,0.00113,0.182,0.00158
bake_crate__2048_margin0,18.08,3726.4,0,,smart,66.0,0.003,none,clear,0.0,2048,1,0.02,0.04,0,ADJACENT_FACES,emit,none,True,1e-06,OPTIX,,0.069,10.3,3.33,0.00185,0.072,0.065,0.00336,20000,12388,2992144,74,0.0776,0.5579,0.5566,0,1,733.2,732.1,733.6,normalTexture:png:2048:1944946 baseColorTexture:jpeg:2048:241808 metallicRoughnessTexture:jpeg:2048:287275,f069a2105a8efcf7c6593f962a8cede5412465db4a4918ecbaa3180baace828b,42878455ca4d e5a7c79a81e2 344588853c8a,0.1599,0.00416,0.3727,0.00791,0.1924,0.00468,0.1036,0.00222,0.2255,0.00472
bake_crate__2048_margin2,18.13,3685.6,0,,smart,66.0,0.003,none,clear,0.0,2048,1,0.02,0.04,2,ADJACENT_FACES,emit,none,True,1e-06,OPTIX,,0.066,10.62,3.131,0.00185,0.072,0.065,0.00336,20000,12388,2966892,74,0.0776,0.5579,0.5566,0,1,733.2,732.1,733.6,normalTexture:png:2048:2014788 baseColorTexture:jpeg:2048:204556 metallicRoughnessTexture:jpeg:2048:229436,056e3b201325e500d39c68d38c1eee29832295918bca551232761f10ca8de8bd,b22d4aaa8c10 31b0d2e52721 5d9b4889314b,0.1104,0.00116,0.2702,0.00184,0.1361,0.00116,0.0688,0.00064,0.1581,0.00125
bake_crate__2048_margin32,18.98,3694.3,0,,smart,66.0,0.003,none,clear,0.0,2048,1,0.02,0.04,32,ADJACENT_FACES,emit,none,True,1e-06,OPTIX,,0.067,11.42,3.151,0.00185,0.072,0.065,0.00336,20000,12388,3069196,74,0.0776,0.5579,0.5566,0,1,733.2,732.1,733.6,normalTexture:png:2048:2098660 baseColorTexture:jpeg:2048:215536 metallicRoughnessTexture:jpeg:2048:236888,ddc93f43073bd8c6ea0f790a54009c5acbdbf689227b8c04d289d285f839e428,0de31f3456dc dded44009683 100e674adc4b,0.1072,0.00114,0.2618,0.00187,0.1314,0.00116,0.0677,0.00065,0.1525,0.00117
bake_crate__2048_noweld,33.72,3723.2,0,,smart,66.0,0.003,none,clear,0.0,2048,1,0.02,0.04,8,ADJACENT_FACES,emit,none,True,0.0,OPTIX,,0.353,17.73,7.392,0.00185,0.072,0.065,0.00336,20000,22465,4418848,4206,0.2759,0.0696,0.0699,0,1,259.8,259.4,259.9,normalTexture:png:2048:1056472 baseColorTexture:jpeg:2048:1010771 metallicRoughnessTexture:jpeg:2048:1511021,8d610c7f921f7c767a648fd9978b60ad6b0061c1df3912920860ee97d6dea381,31237cd466aa 758807c80b7c 1068cb886131,0.2393,0.00228,0.6345,0.0039,0.3039,0.00207,0.1651,0.00119,0.3232,0.00288
bake_crate__2048_png,29.21,3671.2,0,,smart,66.0,0.003,none,clear,0.0,2048,1,0.02,0.04,8,ADJACENT_FACES,emit,none,False,1e-06,OPTIX,,0.068,17.05,4.124,0.00185,0.072,0.065,0.00336,20000,12388,5937512,74,0.0776,0.5579,0.5566,0,1,733.2,732.1,733.6,normalTexture:png:2048:2063801 baseColorTexture:png:2048:1860411 metallicRoughnessTexture:png:2048:1495181,9a7872478dabfc774692e7f9d021a2b8dd2b0451c700f7dd2c760dbfa528bfcd,2a382e533463 823fda17a609 250cb28f841d,0.0694,0.00113,0.1676,0.00183,0.0862,0.00117,0.0362,0.00063,0.0996,0.0011
bake_crate__2048_s16,17.98,3706.1,0,,smart,66.0,0.003,none,clear,0.0,2048,16,0.02,0.04,8,ADJACENT_FACES,emit,none,True,1e-06,OPTIX,,0.064,10.82,3.027,0.00185,0.072,0.065,0.00336,20000,12388,2981668,74,0.0776,0.5579,0.5566,0,1,733.2,732.1,733.6,normalTexture:png:2048:2036817 baseColorTexture:jpeg:2048:202035 metallicRoughnessTexture:jpeg:2048:224698,ba6c42d49d0919cfa06110c2e814b1542d6c17b44c3b93b9949d058644f7ca3f,6893b8e9a66f bfcf042a37d4 409411d1db23,0.108,0.00111,0.2618,0.00181,0.1301,0.00091,0.0692,0.00069,0.1539,0.00121
bake_crate__2048_s4096_GPU,183.82,3746.0,0,,smart,66.0,0.003,none,clear,0.0,2048,4096,0.02,0.04,8,ADJACENT_FACES,emit,none,True,1e-06,OPTIX,,0.152,173.55,4.228,0.0,0.045,0.045,0.0004,,,,,,,,,,,,,,ab1f7ccd6785558df1795c9d45c91e35681157e40d0a0a59a93150e94d47eaa8,e94b9452e963 21983dc8247a b7a8130305ec,,,,,,,,,,
bake_crate__2048_sharp30,19.19,3683.2,0,,smart,66.0,0.003,none,clear,30.0,2048,1,0.02,0.04,8,ADJACENT_FACES,emit,none,True,1e-06,OPTIX,,0.077,11.14,3.553,0.00185,0.072,0.065,0.00336,20000,12684,2506172,74,0.0776,0.5579,0.5566,0,1,733.2,732.1,733.6,normalTexture:png:2048:1597336 baseColorTexture:jpeg:2048:181810 metallicRoughnessTexture:jpeg:2048:199435,674f45001f69ad6da695ca184367ecbefdcf56d2659cc0ed84c7be26e121cbab,99af2919fac1 02bf7af57f21 5779afb5bfee,0.1095,0.00135,0.2635,0.00168,0.1305,0.00105,0.0705,0.00082,0.1528,0.00126
bake_crate__2048_sharp60,22.93,3718.9,0,,sharp_unwrap,66.0,0.003,concave,clear,0.0,2048,1,0.02,0.04,8,ADJACENT_FACES,emit,none,True,1e-06,OPTIX,,0.572,13.69,3.739,0.00185,0.072,0.065,0.00336,20000,11823,2718984,19,0.0628,0.4968,0.5006,0,1,695.3,54.1,1581.4,normalTexture:png:2048:1835567 baseColorTexture:jpeg:2048:183383 metallicRoughnessTexture:jpeg:2048:199998,27acbb0e78cdf4ce19ba3641f7c0f5c92590e56ac20c325072551fcc0fc27e2d,297169b0a06c f66b825336e7 ca54b6bd2fe1,0.3841,0.01524,1.0781,0.05023,0.5458,0.02433,0.1235,0.00208,0.3909,0.01195
bake_crate__2048_smart30,25.03,3733.9,0,,smart,30.0,0.003,none,clear,0.0,2048,1,0.02,0.04,8,ADJACENT_FACES,emit,none,True,1e-06,OPTIX,,0.085,14.04,4.426,0.00185,0.072,0.065,0.00336,20000,13113,3080516,293,0.0943,0.5554,0.5554,0,1,732.4,730.5,733.2,normalTexture:png:2048:2095084 baseColorTexture:jpeg:2048:210847 metallicRoughnessTexture:jpeg:2048:233268,7365a0676feee149f734b28ee91cd3ebc1fe8bf82a343b25aa19600966381594,5ff97252d30f bcc14bf250ca 70ec79ace082,0.1091,0.00125,0.2584,0.00174,0.1289,0.00103,0.071,0.00072,0.1524,0.00099
bake_crate__2048_smart66_concave,21.83,3692.6,0,,smart,66.0,0.003,concave,clear,0.0,2048,1,0.02,0.04,8,ADJACENT_FACES,emit,none,True,1e-06,OPTIX,,2.663,11.1,3.046,0.00185,0.072,0.065,0.00336,20000,12388,3113668,74,0.0776,0.5653,0.5639,0,1,738.0,736.9,738.5,normalTexture:png:2048:2108360 baseColorTexture:jpeg:2048:230479 metallicRoughnessTexture:jpeg:2048:256714,78e04a8176aa4c919ce9ce03794de7f76cc9b582489fcbcb3c3f04b5086c86f6,e3277cf8dbd9 ddc8f1ce3c26 83534bcab3ed,0.1043,0.00111,0.2495,0.00138,0.124,0.00098,0.0702,0.00063,0.1538,0.00117
bake_crate__2048_smartadd1,22.8,3802.5,0,,smart,66.0,0.001,concave,clear,0.0,2048,1,0.001,0.002,2,ADJACENT_FACES,emit,none,True,1e-06,OPTIX,,1.43,11.05,3.525,0.0019,0.071,0.065,0.00241,20000,12388,2940352,74,0.0776,0.5607,0.5595,0,1,735.1,734.0,735.6,normalTexture:png:2048:2012383 baseColorTexture:jpeg:2048:194721 metallicRoughnessTexture:jpeg:2048:215131,bb21a13092b7fcbe3faac4e5377831e791e3f851bb70b54659e9cfc75c68215c,e702dd26c587 02f28cab678d f0231d1218ba,0.1092,0.00113,0.267,0.00179,0.131,0.00077,0.0679,0.00054,0.155,0.00121
bake_crate__4096,31.51,5950.8,0,,smart,66.0,0.003,none,clear,0.0,4096,1,0.02,0.04,16,ADJACENT_FACES,emit,none,True,1e-06,OPTIX,,0.086,22.96,3.488,0.00185,0.072,0.065,0.00336,20000,12388,7904572,74,0.0776,0.5579,0.5566,0,1,1466.4,1464.2,1467.3,normalTexture:png:4096:6145639 baseColorTexture:jpeg:4096:623962 metallicRoughnessTexture:jpeg:4096:616854,eab1138b945b5842fad0cf622de8df8752d23002e9ce9df9c2994d9be74b75b8,b3d9ba7b8274 cfac5744fafe 692c70ab3ddf,0.0874,0.00106,0.2014,0.00108,0.1034,0.00083,0.0547,0.00065,0.1221,0.00085
bake_crate__4096_cpu,31.63,5742.0,0,,smart,66.0,0.003,none,clear,0.0,4096,1,0.02,0.04,16,ADJACENT_FACES,emit,none,True,1e-06,CPU,,0.063,23.59,3.164,0.00185,0.072,0.065,0.00336,20000,12388,7903864,74,0.0776,0.5579,0.5566,0,1,1466.4,1464.2,1467.3,normalTexture:png:4096:6144610 baseColorTexture:jpeg:4096:624194 metallicRoughnessTexture:jpeg:4096:616943,694f179f248e23fbfd4a8f6f4d2330c0beadbb464b4191347fd4bab8c6c41612,aa5a883c0e1f 6b44c550f91a 5ae5084fe8f9,0.0874,0.00106,0.2014,0.00108,0.1034,0.00083,0.0547,0.00065,0.1221,0.00085
bake_crate__4096_keeppack,50.14,6213.5,0,,keep,66.0,0.003,concave,clear,0.0,4096,1,0.001,0.002,4,ADJACENT_FACES,emit,none,True,1e-06,OPTIX,,3.069,37.38,2.784,0.0019,0.071,0.065,0.00241,20000,13514,12652756,250,0.1088,0.6695,0.6696,0,1,1608.4,1038.0,1871.7,normalTexture:png:4096:8724493 baseColorTexture:jpeg:4096:1530301 metallicRoughnessTexture:jpeg:4096:1843801,a774194de55fa9f29e63e3010849e3d661d9d800d8a941d6dcaecadf933bde44,709e66fa8616 5c22057569ac 715755a14883,0.1049,0.00134,0.2338,0.00158,0.1211,0.00121,0.0694,0.00105,0.1483,0.00121
bake_crate__5k_1024,15.58,3218.3,0,,smart,66.0,0.003,none,clear,0.0,1024,1,0.02,0.04,4,ADJACENT_FACES,emit,none,True,1e-06,OPTIX,,0.059,8.19,3.184,0.0016,0.179,0.162,0.00241,5000,3489,909284,47,0.1267,0.5579,0.5566,0,1,366.6,366.1,366.8,normalTexture:png:1024:623503 baseColorTexture:jpeg:1024:67249 metallicRoughnessTexture:jpeg:1024:75193,7e2ca11013cff8a8cae0f8a59cfe6109171756d2575021fd70446c2e46d4cc73,22237ae2a245 250aa387c295 666325bb5007,0.1373,0.00159,0.3502,0.00278,0.1653,0.00082,0.091,0.00042,0.1963,0.00163
bake_crate__5k_2048,22.6,3714.2,0,,smart,66.0,0.003,none,clear,0.0,2048,1,0.02,0.04,8,ADJACENT_FACES,emit,none,True,1e-06,OPTIX,,0.107,10.31,6.61,0.0016,0.179,0.162,0.00241,5000,3489,2520416,47,0.1267,0.5579,0.5566,0,1,733.2,732.2,733.7,normalTexture:png:2048:1982298 baseColorTexture:jpeg:2048:190646 metallicRoughnessTexture:jpeg:2048:204125,5cf5d4c561c9491c80a98138ab326e87367733170c1b75dba6b68702e0960a8c,d5910d819a8b b833276ab179 1990b0e46572,0.1107,0.00148,0.2653,0.00228,0.1283,0.0008,0.0727,0.00054,0.1528,0.00092
bake_crate__5k_2048_keeppack,21.91,3768.9,0,,keep,66.0,0.003,concave,clear,0.0,2048,1,0.001,0.002,2,ADJACENT_FACES,emit,none,True,1e-06,OPTIX,,2.761,10.55,2.752,0.002,0.178,0.162,0.0016,5000,4321,4487924,233,0.2117,0.6624,0.6626,0,1,800.0,510.3,954.6,normalTexture:png:2048:2932588 baseColorTexture:jpeg:2048:611928 metallicRoughnessTexture:jpeg:2048:773441,3478169dbc24d280bdd082d6d8b47b2488d705fc7ad44e43066dfe36367b3f44,76f0c01561e9 630fc73afb90 914f219293e7,0.1466,0.00163,0.3651,0.00438,0.1827,0.00201,0.1196,0.0014,0.206,0.0014
bake_orb__1024,17.01,3492.4,0,,smart,66.0,0.003,none,clear,0.0,1024,1,0.02,0.04,4,ADJACENT_FACES,emit,none,True,1e-06,OPTIX,,0.222,8.64,3.628,0.00225,18.381,1.424,0.11391,20000,26105,3393392,4174,0.4151,0.1183,0.1197,0,1,271.8,241.5,292.9,normalTexture:png:1024:1189644 baseColorTexture:jpeg:1024:595707 metallicRoughnessTexture:jpeg:1024:650980,91cb446daec23f3f79391fe399868e3a59259edafd2d2313daf6130aa9c20fb9,c89528b04803 d6016f9eb0bd 5e0fb1d842fb,0.4777,0.01771,0.8032,0.02909,0.6559,0.02412,0.308,0.011,0.543,0.01914
bake_orb__1024_keeppack,19.14,3510.4,0,,keep,66.0,0.003,concave,clear,0.0,1024,1,0.005696762818843126,0.011393525637686253,2,ADJACENT_FACES,emit,none,True,1e-06,OPTIX,,1.505,8.15,3.068,0.0091,4.586,1.424,0.02291,20000,18724,3292108,1395,0.2446,0.4456,0.4463,0,1,524.8,309.8,669.0,normalTexture:png:1024:1472131 baseColorTexture:jpeg:1024:546978 metallicRoughnessTexture:jpeg:1024:552128,6db3a6fb6419388aa6cf288237ad078e1909e462e201c0eb5f73a9404d92f868,ec7ea0864c46 4576a2c0d79a 224091075057,0.3227,0.01219,0.5721,0.02157,0.4578,0.01758,0.2214,0.00729,0.3614,0.01336
bake_orb__2048,20.74,3998.2,0,,smart,66.0,0.003,none,clear,0.0,2048,1,0.02,0.04,8,ADJACENT_FACES,emit,none,True,1e-06,OPTIX,,0.219,12.29,3.465,0.00225,18.381,1.424,0.11391,20000,26105,8640192,4174,0.4151,0.1183,0.1197,0,1,543.5,483.0,585.8,normalTexture:png:2048:3952907 baseColorTexture:jpeg:2048:1801270 metallicRoughnessTexture:jpeg:2048:1928951,0679587bf62a4f6a0ef3bde81c6ce19981a9314a627266f8fc2d4071432bf34a,1fb01666a85c b79adab8c3e8 d8ce5063e034,0.367,0.01374,0.5774,0.02178,0.4733,0.01821,0.2252,0.00798,0.4091,0.01492
bake_orb__2048_again,21.47,3926.2,0,,smart,66.0,0.003,none,clear,0.0,2048,1,0.02,0.04,8,ADJACENT_FACES,emit,none,True,1e-06,OPTIX,,0.189,12.24,4.228,0.00225,18.381,1.424,0.11391,20000,26105,8640188,4174,0.4151,0.1183,0.1197,0,1,543.5,483.0,585.8,normalTexture:png:2048:3952904 baseColorTexture:jpeg:2048:1801270 metallicRoughnessTexture:jpeg:2048:1928951,880e24f2ead3b7d3b0547f1ff1987f22fbc098a681b283875d05a10bc150d199,2ce3adf62211 b79adab8c3e8 d8ce5063e034,0.367,0.01374,0.5774,0.02178,0.4733,0.01821,0.2252,0.00798,0.4091,0.01492
bake_orb__2048_autocage,21.7,4030.0,0,,smart,66.0,0.003,none,clear,0.0,2048,1,0.005696762818843126,0.011393525637686253,8,ADJACENT_FACES,emit,none,True,1e-06,OPTIX,,0.189,11.37,3.156,0.0091,4.586,1.424,0.02291,20000,26105,8578760,4174,0.4151,0.1183,0.1197,0,1,543.5,483.0,585.8,normalTexture:png:2048:3908779 baseColorTexture:jpeg:2048:1786571 metallicRoughnessTexture:jpeg:2048:1926346,7e2e55ead19beed807555766582330f57e9abf1e5ea1d146986187ff372870a9,04f0a52762e2 29faed2888d9 34a814243270,0.3365,0.01277,0.5413,0.02076,0.4397,0.01723,0.2064,0.00739,0.3547,0.01351
bake_orb__2048_cage0,21.22,3979.5,0,,smart,66.0,0.003,none,clear,0.0,2048,1,0.0,0.0,8,ADJACENT_FACES,emit,none,True,1e-06,OPTIX,,0.188,12.46,3.489,0.00145,735.914,1.424,0.66316,20000,26105,9525992,4174,0.4151,0.1183,0.1197,0,1,543.5,483.0,585.8,normalTexture:png:2048:4620739 baseColorTexture:jpeg:2048:2007151 metallicRoughnessTexture:jpeg:2048:1941037,bfed0c089dbed8231b97d432ba791c20f5f989c8793d68406c4a1573c984445b,66caa58eaf69 b4605070943f 18fada14820f,1.7808,0.05641,2.9684,0.08621,2.4206,0.07232,1.3267,0.05803,2.521,0.06864
bake_orb__2048_cage1mm,21.59,3991.6,0,,smart,66.0,0.003,none,clear,0.0,2048,1,0.001,0.002,8,ADJACENT_FACES,emit,none,True,1e-06,OPTIX,,0.188,13.16,3.277,0.0864,0.972,1.424,0.0,20000,26105,8281464,4174,0.4151,0.1183,0.1197,0,1,543.5,483.0,585.8,normalTexture:png:2048:3670708 baseColorTexture:jpeg:2048:1753418 metallicRoughnessTexture:jpeg:2048:1900276,29f1f30de753bdf938be43397399f4bc71abe0ddd23a87048b9b8e25b19dc094,434230960323 b718109e8b20 318f4e8c69ef,0.3423,0.01289,0.5595,0.02108,0.453,0.01753,0.2119,0.00757,0.3625,0.01371
bake_orb__2048_cage20mm_nolimit,19.65,3989.5,0,,smart,66.0,0.003,none,clear,0.0,2048,1,0.02,0.0,8,ADJACENT_FACES,emit,none,True,1e-06,OPTIX,,0.191,11.59,3.112,0.0006,18.644,1.424,0.11537,20000,26105,8641852,4174,0.4151,0.1183,0.1197,0,1,543.5,483.0,585.8,normalTexture:png:2048:3954146 baseColorTexture:jpeg:2048:1801692 metallicRoughnessTexture:jpeg:2048:1928952,0269ebca3a114a3b21a4a511a11e6b74bf6c7c5ca31c0adb6f014c10c49b702b,d8f0f81b1f15 ef2ed9724bc2 dec83dc8687a,0.367,0.01374,0.5773,0.02178,0.4734,0.01821,0.2254,0.00799,0.4093,0.01492
bake_orb__2048_cage50mm,20.44,3963.0,0,,smart,66.0,0.003,none,clear,0.0,2048,1,0.05,0.1,8,ADJACENT_FACES,emit,none,True,1e-06,OPTIX,,0.212,12.01,3.226,0.00035,46.112,1.424,0.18391,20000,26105,8733008,4174,0.4151,0.1183,0.1197,0,1,543.5,483.0,585.8,normalTexture:png:2048:4020173 baseColorTexture:jpeg:2048:1822982 metallicRoughnessTexture:jpeg:2048:1932788,b5870b408ef843852b78836dadfa43a9b301aa67186f95e9bee84f8b01818386,45026ac84b08 8bf73ae0b521 d02050cfd1b2,0.4341,0.01555,0.6653,0.02372,0.5511,0.02006,0.2668,0.00913,0.4986,0.01738
bake_orb__2048_cage5mm,21.84,4043.3,0,,smart,66.0,0.003,none,clear,0.0,2048,1,0.005,0.01,8,ADJACENT_FACES,emit,none,True,1e-06,OPTIX,,0.21,13.27,3.522,0.00975,3.839,1.424,0.01661,20000,26105,8573212,4174,0.4151,0.1183,0.1197,0,1,543.5,483.0,585.8,normalTexture:png:2048:3903755 baseColorTexture:jpeg:2048:1786126 metallicRoughnessTexture:jpeg:2048:1926265,8523907e8a8185a591f0953cb2cccdd53a6ac78bcc139cffd985a20fc7cfd940,d99fb9ff8de9 bc2a62ceeb0d 40357a5341e6,0.3361,0.01275,0.5409,0.02075,0.4392,0.01722,0.2061,0.00737,0.3538,0.01348
bake_orb__2048_cpu,20.33,3877.0,0,,smart,66.0,0.003,none,clear,0.0,2048,1,0.02,0.04,8,ADJACENT_FACES,emit,none,True,1e-06,CPU,,0.19,11.86,3.587,0.00225,18.381,1.424,0.11391,20000,26105,8640620,4174,0.4151,0.1183,0.1197,0,1,543.5,483.0,585.8,normalTexture:png:2048:3953209 baseColorTexture:jpeg:2048:1801451 metallicRoughnessTexture:jpeg:2048:1928894,d38cb1825201ccef00ed6c3841678163cf1804ce8d933cf59aca269207ba3be7,3bad019cbf4c 7dde093c0641 6206acd36f35,0.367,0.01374,0.5774,0.02176,0.4733,0.0182,0.2252,0.00797,0.4092,0.01493
bake_orb__2048_cpu_again,19.64,3860.2,0,,smart,66.0,0.003,none,clear,0.0,2048,1,0.02,0.04,8,ADJACENT_FACES,emit,none,True,1e-06,CPU,,0.185,11.57,3.136,0.00225,18.381,1.424,0.11391,20000,26105,8640620,4174,0.4151,0.1183,0.1197,0,1,543.5,483.0,585.8,normalTexture:png:2048:3953209 baseColorTexture:jpeg:2048:1801451 metallicRoughnessTexture:jpeg:2048:1928894,d38cb1825201ccef00ed6c3841678163cf1804ce8d933cf59aca269207ba3be7,3bad019cbf4c 7dde093c0641 6206acd36f35,0.367,0.01374,0.5774,0.02176,0.4733,0.0182,0.2252,0.00797,0.4092,0.01493
bake_orb__2048_diffuse,22.78,3879.2,0,,smart,66.0,0.003,none,clear,0.0,2048,1,0.02,0.04,8,ADJACENT_FACES,diffuse,none,True,1e-06,OPTIX,,0.2,12.43,4.568,0.00225,18.381,1.424,0.11391,20000,26105,8625388,4174,0.4151,0.1183,0.1197,0,1,543.5,483.0,585.8,normalTexture:png:2048:3952907 baseColorTexture:jpeg:2048:1786467 metallicRoughnessTexture:jpeg:2048:1928951,7b8c73ecfc7d41f8014132fd8750c04d79b83d25fa1302a615e6fdd880e4d450,1fb01666a85c 805e470b2dd3 d8ce5063e034,0.4385,0.0143,0.6644,0.02269,0.5546,0.01899,0.3221,0.00826,0.4978,0.01552
bake_orb__2048_extend,19.35,4008.6,0,,smart,66.0,0.003,none,clear,0.0,2048,1,0.02,0.04,8,EXTEND,emit,none,True,1e-06,OPTIX,,0.191,10.74,3.451,0.00225,18.381,1.424,0.11391,20000,26105,9039172,4174,0.4151,0.1183,0.1197,0,1,543.5,483.0,585.8,normalTexture:png:2048:3952907 baseColorTexture:jpeg:2048:1928518 metallicRoughnessTexture:jpeg:2048:2200681,503adf42343bfcb3868c0b7213a40f9a154b94218494c145d4b5b515a84c4805,1fb01666a85c 43af4828665e e7c1e4b0db7d,0.3675,0.01358,0.5795,0.02149,0.4744,0.01797,0.2258,0.00799,0.4107,0.01472
bake_orb__2048_keeppack,23.91,4016.4,0,,keep,66.0,0.003,concave,clear,0.0,2048,1,0.005696762818843126,0.011393525637686253,2,ADJACENT_FACES,emit,none,True,1e-06,OPTIX,,1.764,11.57,3.44,0.0091,4.586,1.424,0.02291,20000,18724,8529752,1395,0.2446,0.5563,0.5576,0,1,1173.1,692.6,1495.4,normalTexture:png:2048:4813925 baseColorTexture:jpeg:2048:1495912 metallicRoughnessTexture:jpeg:2048:1499041,52f9bc47832144708e79a2223a02d627691fa0dcaf66b7e00fe57728e66af439,c93d463237e8 b04a846c6bc8 a09be0562983,0.2664,0.01015,0.4449,0.01677,0.3587,0.0139,0.1768,0.00594,0.2909,0.01079
bake_orb__2048_keeppack_m8,24.72,4034.0,0,,keep,66.0,0.003,concave,clear,0.0,2048,1,0.005696762818843126,0.011393525637686253,8,ADJACENT_FACES,emit,none,True,1e-06,OPTIX,,1.666,12.64,3.464,0.0091,4.586,1.424,0.02291,20000,18724,8373752,1395,0.2446,0.5563,0.5576,0,1,1173.1,692.6,1495.4,normalTexture:png:2048:5719818 baseColorTexture:jpeg:2048:1196485 metallicRoughnessTexture:jpeg:2048:736576,514d7500beaefc608bf2cc700f32f79226e22a5fc15ef1dbe47430a3e67ac897,f693fef6bc9e 1f044b76d356 5fac5d21418f,0.2568,0.00999,0.4344,0.01665,0.3489,0.01377,0.1642,0.00579,0.277,0.01062
bake_orb__2048_keepuv,23.3,3969.8,0,,keep,66.0,0.003,none,clear,0.0,2048,1,0.02,0.04,8,ADJACENT_FACES,emit,none,True,1e-06,OPTIX,,0.0,13.31,3.803,0.00225,18.381,1.424,0.11391,20000,18328,8384736,1395,0.2446,0.389,0.39,0,1,981.1,491.0,1346.1,normalTexture:png:2048:4937793 baseColorTexture:jpeg:2048:1463268 metallicRoughnessTexture:jpeg:2048:1275476,a8a306982422d6bea7ee3bcd39a518ae2846f2668e6e66bfdcaf16d8bfea31f0,60e91bcfabbc bce521d6c86c eeea638e3ab6,0.3028,0.01145,0.4961,0.01864,0.4031,0.0155,0.1932,0.00668,0.349,0.01261
bake_orb__2048_margin0,18.01,4030.8,0,,smart,66.0,0.003,none,clear,0.0,2048,1,0.02,0.04,0,ADJACENT_FACES,emit,none,True,1e-06,OPTIX,,0.185,9.79,3.349,0.00225,18.381,1.424,0.11391,20000,26105,3990108,4174,0.4151,0.1183,0.1197,0,1,543.5,483.0,585.8,normalTexture:png:2048:1313062 baseColorTexture:jpeg:2048:772943 metallicRoughnessTexture:jpeg:2048:947037,60ce71b57037baf6327849f22023fa62678cc21c3ce71805f5da67b2869ccbec,04e0faf9d137 b56d8feb9b22 f308d3c14526,0.5291,0.02306,0.8143,0.0354,0.6875,0.03071,0.434,0.02174,0.6141,0.02636
bake_orb__2048_margin2,20.62,3966.8,0,,smart,66.0,0.003,none,clear,0.0,2048,1,0.02,0.04,2,ADJACENT_FACES,emit,none,True,1e-06,OPTIX,,0.232,10.69,4.183,0.00225,18.381,1.424,0.11391,20000,26105,5670860,4174,0.4151,0.1183,0.1197,0,1,543.5,483.0,585.8,normalTexture:png:2048:1999549 baseColorTexture:jpeg:2048:1260358 metallicRoughnessTexture:jpeg:2048:1453888,173e6792f9d34a785af78675f624a5bd37d7aeefabb66b323a25736959c205c9,407c75ab6041 bbc138f878c5 6d32076d46b8,0.373,0.01384,0.5848,0.02193,0.4805,0.0183,0.2345,0.0081,0.4184,0.01507
bake_orb__2048_margin32,24.5,4018.4,0,,smart,66.0,0.003,none,clear,0.0,2048,1,0.02,0.04,32,ADJACENT_FACES,emit,none,True,1e-06,OPTIX,,0.191,15.79,3.687,0.00225,18.381,1.424,0.11391,20000,26105,7896572,4174,0.4151,0.1183,0.1197,0,1,543.5,483.0,585.8,normalTexture:png:2048:5271451 baseColorTexture:jpeg:2048:1291659 metallicRoughnessTexture:jpeg:2048:376397,ab5093a7886cd617704731a6ebd03c793e1229341d1780c6f2442ff66a575828,c84007233890 5bc5e6355813 377dbfd84837,0.3649,0.01367,0.575,0.02177,0.4709,0.01815,0.2209,0.00792,0.405,0.01484
bake_orb__2048_noweld,23.87,4044.2,0,,smart,66.0,0.003,none,clear,0.0,2048,1,0.02,0.04,8,ADJACENT_FACES,emit,none,True,0.0,OPTIX,,0.258,14.43,4.103,0.00225,18.381,1.424,0.11391,20000,26105,8640192,4174,0.4151,0.1183,0.1197,0,1,543.5,483.0,585.8,normalTexture:png:2048:3952907 baseColorTexture:jpeg:2048:1801270 metallicRoughnessTexture:jpeg:2048:1928951,0679587bf62a4f6a0ef3bde81c6ce19981a9314a627266f8fc2d4071432bf34a,1fb01666a85c b79adab8c3e8 d8ce5063e034,0.367,0.01374,0.5774,0.02178,0.4733,0.01821,0.2252,0.00798,0.4091,0.01492
bake_orb__2048_png,23.3,3935.8,0,,smart,66.0,0.003,none,clear,0.0,2048,1,0.02,0.04,8,ADJACENT_FACES,emit,none,False,1e-06,OPTIX,,0.248,13.38,4.002,0.00225,18.381,1.424,0.11391,20000,26105,12470972,4174,0.4151,0.1183,0.1197,0,1,543.5,483.0,585.8,normalTexture:png:2048:3952907 baseColorTexture:png:2048:4395850 metallicRoughnessTexture:png:2048:3165152,4ec2dbbeee6f5b5321343a8c252284e513d6d45ce5468610ee28e8c210f2f37d,1fb01666a85c ff5774bb3a8c 57e9271e35a0,0.3451,0.01303,0.5452,0.02039,0.4466,0.01714,0.203,0.00769,0.3865,0.01415
bake_orb__2048_s16,20.77,3938.0,0,,smart,66.0,0.003,none,clear,0.0,2048,16,0.02,0.04,8,ADJACENT_FACES,emit,none,True,1e-06,OPTIX,,0.212,12.55,3.149,0.00225,18.381,1.424,0.11391,20000,26105,8653500,4174,0.4151,0.1183,0.1197,0,1,543.5,483.0,585.8,normalTexture:png:2048:3970011 baseColorTexture:jpeg:2048:1798036 metallicRoughnessTexture:jpeg:2048:1928390,be67a58f736d7db40480038230e1e435c76ef040afd6af89421d4543506ed501,e5ea1c2118ad 9a13cb2f04df e61b6a6a93e3,0.3672,0.01383,0.5803,0.02205,0.4755,0.01831,0.2261,0.00801,0.4106,0.01507
bake_orb__2048_sharp30,23.3,4027.7,0,,smart,66.0,0.003,none,clear,30.0,2048,1,0.02,0.04,8,ADJACENT_FACES,emit,none,True,1e-06,OPTIX,,0.215,13.23,4.218,0.00225,18.381,1.424,0.11391,20000,33624,8264780,4174,0.4151,0.1183,0.1197,0,1,543.5,483.0,585.8,normalTexture:png:2048:3930000 baseColorTexture:jpeg:2048:1464093 metallicRoughnessTexture:jpeg:2048:1673011,7877f7c2658dfa1501d3a5bb56b9d122799762e9bcf44886cab63e623dddc6f1,b4f598652435 a839940fe2f7 82a04e69eff3,0.3952,0.01471,0.6265,0.02291,0.5126,0.01919,0.2498,0.00879,0.4635,0.01641
bake_orb__2048_sharp60,21.1,3964.4,0,,sharp_unwrap,66.0,0.003,concave,clear,0.0,2048,1,0.02,0.04,8,ADJACENT_FACES,emit,none,True,1e-06,OPTIX,,0.884,12.09,3.375,0.00225,18.381,1.424,0.11391,20000,17293,1599044,1232,0.2268,0.0289,0.0673,0,1,407.6,3.4,416.0,normalTexture:png:2048:596631 baseColorTexture:jpeg:2048:187822 metallicRoughnessTexture:jpeg:2048:139511,89cd1ce619339eceffcc9295728a3c4267dff1e85803b4aad8ed4b9f125cd38f,a59b87aa1aba b2cd90bffc73 51b8d7222245,1.1801,0.05059,1.6365,0.06228,1.4132,0.05471,1.1427,0.04611,1.4342,0.06302
bake_orb__2048_smart30,21.64,3994.0,0,,smart,30.0,0.003,none,clear,0.0,2048,1,0.02,0.04,8,ADJACENT_FACES,emit,none,True,1e-06,OPTIX,,0.205,11.95,4.547,0.00225,18.381,1.424,0.11391,20000,38706,8972848,9672,0.639,0.0228,0.0229,0,1,237.5,231.0,241.9,normalTexture:png:2048:3261027 baseColorTexture:jpeg:2048:2011921 metallicRoughnessTexture:jpeg:2048:2339599,9f11fe4bb8fef0593950c585607befbaa1c58012f51267e85b939168f0fd423b,f49be76f63e6 053256d55275 5a49ec52c27f,0.5052,0.01792,0.9223,0.03127,0.7464,0.02598,0.3562,0.01247,0.5936,0.01973
bake_orb__2048_smart66_concave,19.62,4051.4,0,,smart,66.0,0.003,concave,clear,0.0,2048,1,0.02,0.04,8,ADJACENT_FACES,emit,none,True,1e-06,OPTIX,,0.671,11.25,3.024,0.00225,18.381,1.424,0.11391,20000,26105,8800160,4174,0.4151,0.126,0.1279,0,1,561.9,499.4,605.6,normalTexture:png:2048:4042203 baseColorTexture:jpeg:2048:1841903 metallicRoughnessTexture:jpeg:2048:1958989,30b6bfe9210a3ae442f1004190cc56b6e92608d1a82e357fb9ff2cbbbbdc8c5d,d1e4f233a0a9 c4fbb7520686 6be26a7167ba,0.3642,0.01365,0.5673,0.02148,0.467,0.018,0.2252,0.00796,0.4062,0.01479
bake_orb__2048_smartadd1,22.8,4026.6,0,,smart,66.0,0.001,concave,clear,0.0,2048,1,0.005696762818843126,0.011393525637686253,2,ADJACENT_FACES,emit,none,True,1e-06,OPTIX,,1.752,11.23,3.148,0.0091,4.586,1.424,0.02291,20000,26105,9412108,4174,0.4151,0.535,0.5415,0,1,1156.1,1027.4,1246.1,normalTexture:png:2048:5199389 baseColorTexture:jpeg:2048:1619415 metallicRoughnessTexture:jpeg:2048:1636239,9792814259abf359b1f8eb69845486795b06aef19c0ffd07d8235c975adab269,fa01632eb7ba e742b49c552a 82bc1d6e2072,0.2956,0.01085,0.4354,0.01627,0.3576,0.01367,0.1789,0.00601,0.3001,0.01108
bake_orb__4096,38.36,6316.1,0,,smart,66.0,0.003,none,clear,0.0,4096,1,0.02,0.04,16,ADJACENT_FACES,emit,none,True,1e-06,OPTIX,,0.216,28.52,3.649,0.00225,18.381,1.424,0.11391,20000,26105,21136296,4174,0.4151,0.1183,0.1197,0,1,1087.0,966.1,1171.6,normalTexture:png:4096:11228994 baseColorTexture:jpeg:4096:4466559 metallicRoughnessTexture:jpeg:4096:4483676,a322f1dc86cd08876be12fc6e5c45bb4cf642e5bba4a0e4b4d066c5aa5b5ef12,e074ae83d8cf b5dac89c1747 bba8af9f0086,0.3222,0.01171,0.4691,0.0174,0.39,0.01471,0.1887,0.00653,0.3486,0.01241
bake_orb__4096_cpu,37.11,6206.7,0,,smart,66.0,0.003,none,clear,0.0,4096,1,0.02,0.04,16,ADJACENT_FACES,emit,none,True,1e-06,CPU,,0.242,27.4,3.314,0.00225,18.381,1.424,0.11391,20000,26105,21134760,4174,0.4151,0.1183,0.1197,0,1,1087.0,966.1,1171.6,normalTexture:png:4096:11227707 baseColorTexture:jpeg:4096:4466564 metallicRoughnessTexture:jpeg:4096:4483423,e698b02e391bdac4756bbfa1868b590244a35d0aef4fb3c8b3aaef88be0af039,9f688ebee675 ca28146bf8b6 ef21607ac026,0.3221,0.0117,0.4691,0.01742,0.39,0.01472,0.1886,0.00653,0.3486,0.01241
bake_orb__4096_keeppack,37.96,6476.8,0,,keep,66.0,0.003,concave,clear,0.0,4096,1,0.005696762818843126,0.011393525637686253,4,ADJACENT_FACES,emit,none,True,1e-06,OPTIX,,1.741,25.07,3.183,0.0091,4.586,1.424,0.02291,20000,18724,22821368,1395,0.2446,0.5563,0.5576,0,1,2346.2,1385.2,2990.9,normalTexture:png:4096:14698189 baseColorTexture:jpeg:4096:3752014 metallicRoughnessTexture:jpeg:4096:3650286,8bfd7826afbdbcce9825b645da42c600e55d7ea36bd8edf9a1c31807dbfd2a03,6d3632fd208a 00f57c2e68b3 d8344ada78a9,0.2483,0.0095,0.4043,0.01514,0.3263,0.01256,0.1561,0.00559,0.2657,0.01
bake_orb__5k_1024,16.64,3525.5,0,,smart,66.0,0.003,none,clear,0.0,1024,1,0.02,0.04,4,ADJACENT_FACES,emit,none,True,1e-06,OPTIX,,0.175,8.7,3.229,0.0068,18.258,4.397,0.07128,5000,7523,2639616,1506,0.486,0.2293,0.2307,0,1,382.9,341.9,411.1,normalTexture:png:1024:1303916 baseColorTexture:jpeg:1024:534708 metallicRoughnessTexture:jpeg:1024:528561,e7fe58a5326320b84347cce066c9010207b31104d86e8a2361e36748421cbdea,32089a17d557 330d1c3efe6f bdb33075857c,0.8205,0.02836,1.4555,0.04657,1.1955,0.03851,0.6273,0.02288,0.9939,0.03176
bake_orb__5k_2048,20.72,4007.2,0,,smart,66.0,0.003,none,clear,0.0,2048,1,0.02,0.04,8,ADJACENT_FACES,emit,none,True,1e-06,OPTIX,,0.185,12.17,3.565,0.0068,18.258,4.397,0.07128,5000,7523,7143020,1506,0.486,0.2293,0.2307,0,1,765.9,683.8,822.2,normalTexture:png:2048:3985171 baseColorTexture:jpeg:2048:1491728 metallicRoughnessTexture:jpeg:2048:1393689,e3ec7249b006981f5a310f9d210f3fc706dd5483b849765781ccc19b176a9023,db0bb7d7b70a a1cf1adc1415 7ce8abd62b21,0.8036,0.02739,1.4581,0.04537,1.1991,0.03752,0.6276,0.0226,0.9902,0.03099
bake_orb__5k_2048_keeppack,21.94,4035.6,0,,keep,66.0,0.003,concave,clear,0.0,2048,1,0.017588172107934952,0.035176344215869904,2,ADJACENT_FACES,emit,none,True,1e-06,OPTIX,,1.357,11.15,3.16,0.0074,15.845,4.397,0.05863,5000,6992,8056224,1170,0.4439,0.5539,0.5551,0,1,1188.0,669.5,1555.4,normalTexture:png:2048:4897804 baseColorTexture:jpeg:2048:1464377 metallicRoughnessTexture:jpeg:2048:1438601,e539c1e755b609e0e535525ac4973bdf28fe637b75cfcb55491c6656163ab306,926682f344e2 ec384804749b 0179f5e2b9a0,0.8145,0.02734,1.4774,0.04538,1.2188,0.03766,0.6387,0.0227,1.0044,0.03095
tripo_crate_p1_tri_req20000__raw_bake_autocage,21.22,3656.0,0,,smart,66.0,0.003,none,clear,0.0,2048,1,1.1605238914489746,2.321047782897949,8,ADJACENT_FACES,emit,bbox,True,1e-06,OPTIX,,0.052,10.87,2.885,0.00145,873.763,290.131,0.15713,19796,13493,3698684,602,0.1091,0.5913,0.5971,0,1,690.2,642.6,767.0,normalTexture:png:2048:2616473 baseColorTexture:jpeg:2048:279742 metallicRoughnessTexture:jpeg:2048:250231,002d3986b8df3eced27c0d4474331ec823dfad962f642be11fdecffd3c5eb399,743747d4aa04 7475c2164014 9fa56b7cf400,1.4544,0.05398,1.9956,0.08533,1.7399,0.06203,2.4983,0.0653,1.1137,0.03848
tripo_crate_p1_tri_req20000__raw_bake_cage30mm,18.61,3638.2,0,,smart,66.0,0.003,none,clear,0.0,2048,1,0.03,0.06,8,ADJACENT_FACES,emit,bbox,True,1e-06,OPTIX,,0.046,10.57,2.739,0.14405,13.387,290.131,0.0,19796,13493,3031304,602,0.1091,0.5913,0.5971,0,1,690.2,642.6,767.0,normalTexture:png:2048:2047208 baseColorTexture:jpeg:2048:210644 metallicRoughnessTexture:jpeg:2048:221217,9472c7c848bd452e822a539067f75f362f8f6d28120fe312d24a459f8a642e27,cc1d0dce7794 6b5a4305da17 0c9e5f6d5f0c,1.4544,0.05398,1.9956,0.08532,1.7399,0.06203,2.7184,0.07352,1.1136,0.03851
tripo_crate_p1_tri_req20000__repaired,1.25,452.8,0,,,,,,clear,30.0,,,,,,,,,,0.0001,,,,0,,,,,,8630,5340,180960,,0,0,0,0,0,,,,,52f674ad075f96a40056cab18e1f040b734dd91616443062d0ac3405afdacd19,,,,,,,,,,,
tripo_crate_p1_tri_req20000__repaired_bake_autocage,19.41,3666.2,0,,smart,66.0,0.003,none,clear,0.0,2048,1,0.2204146683216095,0.440829336643219,8,ADJACENT_FACES,emit,bbox,True,1e-06,OPTIX,,0.018,9.84,2.75,0.00595,124.705,55.104,0.0161,8630,6338,2909752,373,0.1402,0.5478,0.5483,0,1,696.4,683.2,720.9,normalTexture:png:2048:2235449 baseColorTexture:jpeg:2048:207603 metallicRoughnessTexture:jpeg:2048:210427,538958570f29b84312d24f26ba63ccbfbfd8ae4489b7007279f251b2acc78017,07f72e280e5a 6ab34b8b6a42 0f27351d25ec,1.4237,0.05132,1.5189,0.06109,1.5495,0.05069,2.5081,0.06523,1.1123,0.03849
tripo_crate_p1_tri_req20000__repaired_bake_autocage_sharp30,19.17,3663.9,0,,smart,66.0,0.003,none,clear,30.0,2048,1,0.2204146683216095,0.440829336643219,8,ADJACENT_FACES,emit,bbox,True,1e-06,OPTIX,,0.018,9.79,2.66,0.00595,124.705,55.104,0.0161,8630,6941,2375872,373,0.1402,0.5478,0.5483,0,1,696.4,683.2,720.9,normalTexture:png:2048:1674150 baseColorTexture:jpeg:2048:214582 metallicRoughnessTexture:jpeg:2048:211572,09a530cbfb34c596cdfdf87fabaec609a5e3dd5156584dff795e51504aab7fb6,7273784de67a 00bca44918f2 d12d6684a1d6,1.5821,0.05771,1.8807,0.07658,1.6106,0.05265,2.557,0.06555,1.0815,0.03825
tripo_crate_p1_tri_req20000__repaired_bake_cage30mm,17.39,3589.0,0,,smart,66.0,0.003,none,clear,0.0,2048,1,0.03,0.06,8,ADJACENT_FACES,emit,bbox,True,1e-06,OPTIX,,0.018,9.84,2.687,0.05165,13.239,55.104,0.0,8630,6338,2811756,373,0.1402,0.5478,0.5483,0,1,696.4,683.2,720.9,normalTexture:png:2048:2128167 baseColorTexture:jpeg:2048:207921 metallicRoughnessTexture:jpeg:2048:219393,f76a4ab225f6f7c024de021afbcef5e26660db5c0a00f609e7c65ae2b725e3c2,e5b253bbdda2 5f86996f645a a79468c023db,1.4238,0.05131,1.5183,0.06109,1.5493,0.05069,2.7269,0.07341,1.1124,0.03849
tripo_crate_p2_tri_req20000__raw_bake_autocage,20.14,3644.2,0,,smart,66.0,0.003,none,clear,0.0,2048,1,1.38373601436615,2.7674720287323,8,ADJACENT_FACES,emit,bbox,True,1e-06,OPTIX,,0.085,10.16,2.706,0.0016,869.077,345.934,0.13947,19958,18892,4543424,2011,0.2448,0.5173,0.5275,0,1,586.4,521.0,605.8,normalTexture:png:2048:2865706 baseColorTexture:jpeg:2048:484471 metallicRoughnessTexture:jpeg:2048:467269,d16c6af009cff31d442e0c12cc04a8255642c277ec339a879f57db865d0cadc8,3efaf96ce58f c37f8d2bd4ff b614a0122271,1.5107,0.05386,1.4436,0.05557,1.4107,0.04405,2.3875,0.0607,0.8992,0.0319
tripo_crate_p2_tri_req20000__raw_bake_cage30mm,17.41,3600.9,0,,smart,66.0,0.003,none,clear,0.0,2048,1,0.03,0.06,8,ADJACENT_FACES,emit,bbox,True,1e-06,OPTIX,,0.086,9.7,2.642,0.29205,15.53,345.934,0.0,19958,18892,2861124,2011,0.2448,0.5173,0.5275,0,1,586.4,521.0,605.8,normalTexture:png:2048:1721217 baseColorTexture:jpeg:2048:197879 metallicRoughnessTexture:jpeg:2048:216049,fb0ba0358a23b1bb6a1e79bb50723521773be8e73d0dddf6b091cfe1848e65e6,f2c015910bd7 9c75c93ce597 bd7023890bcd,1.5107,0.05386,1.4435,0.05559,1.4106,0.04405,2.3887,0.06074,0.8992,0.0319
tripo_crate_p2_tri_req20000__repaired,1.15,456.1,0,,,,,,clear,30.0,,,,,,,,,,0.0001,,,,0,,,,,,108,168,5688,,0,0,0,0,0,,,,,05d0d367f3bb13077b8c6cc24c69c72d1b1947c47049600e0610ad9f358a3abf,,,,,,,,,,,
tripo_crate_p2_tri_req20000__repaired_bake_autocage,18.87,3662.3,0,,smart,66.0,0.003,none,clear,0.0,2048,1,0.0598793551325798,0.1197587102651596,8,ADJACENT_FACES,emit,bbox,True,1e-06,OPTIX,,0.001,9.6,2.639,0.0075,15.84,14.97,0.00252,108,168,2552176,36,0.5185,0.5841,0.5813,0,1,728.1,728.1,728.1,normalTexture:png:2048:2180503 baseColorTexture:jpeg:2048:180525 metallicRoughnessTexture:jpeg:2048:183462,efc171b16b67c0f344a345520120f3a84a99086272c1e033c04bab9ed5d4c35d,1e08c6b7de6f 8868a3204b8c d42157fe9b89,1.5071,0.05368,1.4612,0.05587,1.417,0.04448,2.38,0.06051,0.888,0.03157
tripo_crate_p2_tri_req20000__repaired_bake_autocage_sharp30,19.1,3672.2,0,,smart,66.0,0.003,none,clear,30.0,2048,1,0.0598793551325798,0.1197587102651596,8,ADJACENT_FACES,emit,bbox,True,1e-06,OPTIX,,0.001,9.72,2.729,0.0075,15.84,14.97,0.00252,108,168,2004192,36,0.5185,0.5841,0.5813,0,1,728.1,728.1,728.1,normalTexture:png:2048:1618720 baseColorTexture:jpeg:2048:187024 metallicRoughnessTexture:jpeg:2048:190766,4582d7d19a55911ae66bf45b049d61b664780af77d7bcbde555adaf56fe44351,5b79a1730dc0 fedcdb897776 9fa7b7aef2d1,1.5267,0.05458,1.5376,0.06102,1.4246,0.04412,2.4072,0.06092,0.8507,0.0301
tripo_crate_p2_tri_req20000__repaired_bake_cage30mm,16.88,3593.7,0,,smart,66.0,0.003,none,clear,0.0,2048,1,0.03,0.06,8,ADJACENT_FACES,emit,bbox,True,1e-06,OPTIX,,0.001,9.51,2.664,0.0099,15.407,14.97,0.0,108,168,2552256,36,0.5185,0.5841,0.5813,0,1,728.1,728.1,728.1,normalTexture:png:2048:2180498 baseColorTexture:jpeg:2048:180534 metallicRoughnessTexture:jpeg:2048:183539,4c02078f551d753c0601f728cc1b0b09dde9529e1cda94647390828fbdc47876,becfc6f1c3f6 511651680a6e 46efb5ef4743,1.5071,0.05368,1.4612,0.05587,1.417,0.04448,2.38,0.06051,0.888,0.03157
tripo_orb_p1_tri_req20000__raw_bake_autocage,22.29,3892.1,0,,smart,66.0,0.003,none,clear,0.0,2048,1,0.5411089658737183,1.0822179317474365,8,ADJACENT_FACES,emit,bbox,True,1e-06,OPTIX,,0.124,10.93,2.801,0.123,503.64,135.277,0.09225,18438,22336,8321252,2895,0.3717,0.1698,0.1733,0,1,670.0,591.5,729.4,normalTexture:png:2048:4111819 baseColorTexture:jpeg:2048:1729443 metallicRoughnessTexture:jpeg:2048:1652959,d69298eb849fa89bf4648f3052a8c26908643dc529cf68c8590656b3eadaae4d,f593f97fc318 7d36fe5bdd6c c351c682520e,3.5032,0.09802,3.977,0.11017,2.9899,0.08935,3.0029,0.10031,4.6068,0.10895
tripo_orb_p1_tri_req20000__raw_bake_cage30mm,18.57,3838.2,0,,smart,66.0,0.003,none,clear,0.0,2048,1,0.03,0.06,8,ADJACENT_FACES,emit,bbox,True,1e-06,OPTIX,,0.123,10.03,2.848,0.72825,29.794,135.277,0.0,18438,22336,3263972,2895,0.3717,0.1698,0.1733,0,1,670.0,591.5,729.4,normalTexture:png:2048:1276508 baseColorTexture:jpeg:2048:551838 metallicRoughnessTexture:jpeg:2048:608593,24c076cebb16dcb6e62f49b16db193c1d15133be2af26902c85ff238e6c0fc96,28a9946d4010 a36e945536dd f03b6df4a42d,5.3608,0.10858,8.1816,0.12997,6.3672,0.10671,5.1145,0.12641,7.574,0.12356
tripo_orb_p1_tri_req20000__repaired,1.45,441.2,0,,,,,,clear,30.0,,,,,,,,,,0.0001,,,,0,,,,,,18538,22162,644108,,0,0,0,0,0,,,,,fb0ffd2c9dd0555d3cb638d06052de53d34ee25ae0ca4dc1f7212011d18a1115,,,,,,,,,,,
tripo_orb_p1_tri_req20000__repaired_bake_autocage,23.36,3945.4,0,,smart,66.0,0.003,none,clear,0.0,2048,1,0.5346306562423706,1.0692613124847412,8,ADJACENT_FACES,emit,bbox,True,1e-06,OPTIX,,0.132,11.41,3.041,0.1201,500.658,133.658,0.09132,18538,22184,8381796,2860,0.3672,0.177,0.1782,0,1,671.3,598.6,725.7,normalTexture:png:2048:4182399 baseColorTexture:jpeg:2048:1732179 metallicRoughnessTexture:jpeg:2048:1644450,c555cc5c48f5ad8fa2c6275e9c60ab3fdfd1c54f3517f177cabb78d2b7a9ab27,d980ef1b5cc5 d7bc2eaa8b81 5e2e857f2a6c,3.5189,0.09807,4.0261,0.11013,3.0073,0.08917,2.993,0.1003,4.5999,0.10886
tripo_orb_p1_tri_req20000__repaired_bake_autocage_sharp30,22.88,3969.3,0,,smart,66.0,0.003,none,clear,30.0,2048,1,0.5346306562423706,1.0692613124847412,8,ADJACENT_FACES,emit,bbox,True,1e-06,OPTIX,,0.13,11.33,2.905,0.1201,500.658,133.658,0.09132,18538,26239,6946312,2860,0.3672,0.177,0.1782,0,1,671.3,598.6,725.7,normalTexture:png:2048:3452749 baseColorTexture:jpeg:2048:1242529 metallicRoughnessTexture:jpeg:2048:1298504,29dc14574706e17bec749f6531e400f67a6409c2a24079cd1ecdc989cbade3ae,321f15d12b75 6e3c6faf2e38 e4335f5dbce3,3.5496,0.09746,4.2825,0.10982,3.2437,0.08986,3.115,0.10045,4.5784,0.10848
tripo_orb_p1_tri_req20000__repaired_bake_cage30mm,18.95,3909.3,0,,smart,66.0,0.003,none,clear,0.0,2048,1,0.03,0.06,8,ADJACENT_FACES,emit,bbox,True,1e-06,OPTIX,,0.138,10.31,2.82,0.72525,29.685,133.658,0.0,18538,22184,3397676,2860,0.3672,0.177,0.1782,0,1,671.3,598.6,725.7,normalTexture:png:2048:1362877 baseColorTexture:jpeg:2048:578290 metallicRoughnessTexture:jpeg:2048:633738,e4287a45983dc7051f4486a731cdc8ca0c1c912ab4489015a45f20fed2daf5ab,ee0adbb7c33a 9472d27828fa 2eb24b5cbd14,5.4198,0.10878,8.4764,0.13089,6.5413,0.10715,5.0972,0.12634,7.5552,0.12344
tripo_orb_p2_tri_req20000__raw_bake_autocage,22.05,3944.0,0,,smart,66.0,0.003,none,clear,0.0,2048,1,0.5450456738471985,1.090091347694397,8,ADJACENT_FACES,emit,bbox,True,1e-06,OPTIX,,0.122,10.78,2.777,0.10335,496.414,136.261,0.09229,20389,23816,8533888,2531,0.3399,0.169,0.1696,0,1,696.6,620.6,749.7,normalTexture:png:2048:4260634 baseColorTexture:jpeg:2048:1740723 metallicRoughnessTexture:jpeg:2048:1646419,fb58ee9b59fcf3c080a0f786421eb27b69e6b97b6f8de298fdfde4daa36d1582,13e3d0180ff3 083f51248fc1 da4f0489a01c,3.2148,0.09183,4.0038,0.1103,3.1919,0.09098,2.8104,0.09707,4.7045,0.11491
tripo_orb_p2_tri_req20000__raw_bake_cage30mm,18.62,3872.6,0,,smart,66.0,0.003,none,clear,0.0,2048,1,0.03,0.06,8,ADJACENT_FACES,emit,bbox,True,1e-06,OPTIX,,0.124,9.99,2.922,0.6377,29.682,136.261,0.0,20389,23816,4236584,2531,0.3399,0.169,0.1696,0,1,696.6,620.6,749.7,normalTexture:png:2048:1781111 baseColorTexture:jpeg:2048:757522 metallicRoughnessTexture:jpeg:2048:811844,d8f8ad12195cebc94ae3f2e5a688e98dd1a00be84c6d5d3cb197547060ca1049,808679a14f16 6c40b0bf963f d8efae65dbc3,4.7412,0.0999,6.3354,0.12231,5.2607,0.10378,4.7526,0.11623,7.8127,0.12719
tripo_orb_p2_tri_req20000__repaired,1.5,460.3,0,,,,,,clear,30.0,,,,,,,,,,0.0001,,,,0,,,,,,21044,24821,722968,,0,0,0,0,0,,,,,3c13dfea6787fd0b3fff11327ba331f6f3adc71b0f58235281769d13d56ac81c,,,,,,,,,,,
tripo_orb_p2_tri_req20000__repaired_bake_autocage,22.91,3863.7,0,,smart,66.0,0.003,none,clear,0.0,2048,1,0.5311871767044067,1.0623743534088135,8,ADJACENT_FACES,emit,bbox,True,1e-06,OPTIX,,0.128,11.3,2.821,0.10245,490.933,132.797,0.10094,21044,25258,8848228,2889,0.3773,0.1504,0.151,0,1,647.6,575.9,696.2,normalTexture:png:2048:4310037 baseColorTexture:jpeg:2048:1841598 metallicRoughnessTexture:jpeg:2048:1760405,38f6a06381b5e2b11789abba86b53cca0a38c9d16fc4a8d89d4f04bd9b1c6fcb,b9d74caec40f 8fb4dd73cdd0 8c1877229353,3.2187,0.09197,4.0182,0.11079,3.1954,0.09116,2.7993,0.09713,4.6989,0.1149
tripo_orb_p2_tri_req20000__repaired_bake_autocage_sharp30,25.08,3907.0,0,,smart,66.0,0.003,none,clear,30.0,2048,1,0.5311871767044067,1.0623743534088135,8,ADJACENT_FACES,emit,bbox,True,1e-06,OPTIX,,0.133,11.66,2.91,0.10245,490.933,132.797,0.10094,21044,28243,7135040,2889,0.3773,0.1504,0.151,0,1,647.6,575.9,696.2,normalTexture:png:2048:3430607 baseColorTexture:jpeg:2048:1289942 metallicRoughnessTexture:jpeg:2048:1382786,86853e3fc52992b3c44fe8f0e4f896e139d7136f130552325370649f64c8eb59,5a21186e0472 daa99dd8d2ee 98a2bcfe924c,3.285,0.0924,4.1806,0.1109,3.2749,0.09146,2.9405,0.09741,4.7536,0.11505
tripo_orb_p2_tri_req20000__repaired_bake_cage30mm,19.11,3840.8,0,,smart,66.0,0.003,none,clear,0.0,2048,1,0.03,0.06,8,ADJACENT_FACES,emit,bbox,True,1e-06,OPTIX,,0.127,10.35,2.819,0.6414,29.698,132.797,0.0,21044,25258,4487224,2889,0.3773,0.1504,0.151,0,1,647.6,575.9,696.2,normalTexture:png:2048:1829249 baseColorTexture:jpeg:2048:825082 metallicRoughnessTexture:jpeg:2048:896712,6ce63265b039c682c00a608389d32cc3eabf75a0337eb8a6c1cdaf0db0ca9e77,70799e566764 22da3e1f9cec 8bf170ee8a9c,4.7298,0.09991,6.2899,0.12216,5.2234,0.10372,4.7501,0.11637,7.8392,0.12727
uv_crate_20k__keep,1.22,615.2,0,,keep,66.0,0.003,none,clear,0.0,2048,1,0.02,0.04,8,ADJACENT_FACES,emit,none,True,1e-06,,,0.0,0,,,,,,20000,13433,6112276,250,0.1088,0.5599,0.56,0,1,1470.8,872.3,1733.8,normalTexture:png:4096:3083272 baseColorTexture:jpeg:4096:1403694 metallicRoughnessTexture:jpeg:4096:1073668,ef0ad74c6d1ad1285e4b93a3629dc7365501b5c45bdfcaa57969029f16b8a92a,571a40ee2fa9 4db1cce4e07d e679320c3d98,,,,,,,,,,
uv_crate_20k__keep_concave_add1,5.63,646.4,0,,keep,66.0,0.003,concave,clear,0.0,2048,1,0.02,0.04,8,ADJACENT_FACES,emit,none,True,1e-06,,,4.075,0,,,,,,20000,13514,6114868,250,0.1088,0.6695,0.6696,0,1,1608.4,1038.0,1871.7,normalTexture:png:4096:3083272 baseColorTexture:jpeg:4096:1403694 metallicRoughnessTexture:jpeg:4096:1073668,c3ccc1bb973043bf1e2e808d15f3f04f8242f8ce2b19e6fc26429822a4cd2c9c,571a40ee2fa9 4db1cce4e07d e679320c3d98,,,,,,,,,,
uv_crate_20k__sharp30,3.19,639.1,0,,sharp_unwrap,66.0,0.003,concave,clear,0.0,2048,1,0.02,0.04,8,ADJACENT_FACES,emit,none,True,1e-06,,,2.027,0,,,,,,20000,12542,6083764,119,0.0818,0.525,0.5251,0,1,1424.3,874.7,2223.8,normalTexture:png:4096:3083272 baseColorTexture:jpeg:4096:1403694 metallicRoughnessTexture:jpeg:4096:1073668,ac8e5e86c9d637715956ba155bcbe57107547f1ebe34c488daeabfe2e9534fef,571a40ee2fa9 4db1cce4e07d e679320c3d98,,,,,,,,,,
uv_crate_20k__sharp60,1.67,691.7,0,,sharp_unwrap,66.0,0.003,concave,clear,0.0,2048,1,0.02,0.04,8,ADJACENT_FACES,emit,none,True,1e-06,,,0.533,0,,,,,,20000,11823,6060756,19,0.0628,0.4968,0.5006,0,1,1390.6,108.2,3162.9,normalTexture:png:4096:3083272 baseColorTexture:jpeg:4096:1403694 metallicRoughnessTexture:jpeg:4096:1073668,f8d7252f321957d52e61a5d68df6d188e9a3d0df10bf69f2fc17b83c915f224c,571a40ee2fa9 4db1cce4e07d e679320c3d98,,,,,,,,,,
uv_crate_20k__smart20,1.4,623.4,0,,smart,20.0,0.003,none,clear,0.0,2048,1,0.02,0.04,8,ADJACENT_FACES,emit,none,True,1e-06,,,0.123,0,,,,,,20000,13839,6125268,519,0.1114,0.5543,0.555,0,1,1464.3,1461.9,1465.3,normalTexture:png:4096:3083272 baseColorTexture:jpeg:4096:1403694 metallicRoughnessTexture:jpeg:4096:1073668,2d2a6174c2d47f02c380d95e52f7fbd9b97c0ca08644e1328fa91894596fb290,571a40ee2fa9 4db1cce4e07d e679320c3d98,,,,,,,,,,
uv_crate_20k__smart30,1.37,617.7,0,,smart,30.0,0.003,none,clear,0.0,2048,1,0.02,0.04,8,ADJACENT_FACES,emit,none,True,1e-06,,,0.107,0,,,,,,20000,13113,6102036,293,0.0943,0.5554,0.5554,0,1,1464.8,1460.9,1466.5,normalTexture:png:4096:3083272 baseColorTexture:jpeg:4096:1403694 metallicRoughnessTexture:jpeg:4096:1073668,c4deaf5872f919490a035d9928062cbdb8da6d7c93bd083f98fdc75e01077afe,571a40ee2fa9 4db1cce4e07d e679320c3d98,,,,,,,,,,
uv_crate_20k__smart45,1.32,635.8,0,,smart,45.0,0.003,none,clear,0.0,2048,1,0.02,0.04,8,ADJACENT_FACES,emit,none,True,1e-06,,,0.092,0,,,,,,20000,12445,6080660,84,0.0792,0.5573,0.5566,0,1,1466.4,1464.1,1467.2,normalTexture:png:4096:3083272 baseColorTexture:jpeg:4096:1403694 metallicRoughnessTexture:jpeg:4096:1073668,bae6e36e285145381bcc23a21ebbd3f9951a03c570067f1dbb0055f2b674567e,571a40ee2fa9 4db1cce4e07d e679320c3d98,,,,,,,,,,
uv_crate_20k__smart45_concave,3.31,619.9,0,,smart,45.0,0.003,concave,clear,0.0,2048,1,0.02,0.04,8,ADJACENT_FACES,emit,none,True,1e-06,,,2.088,0,,,,,,20000,12445,6080660,84,0.0792,0.559,0.5589,0,1,1469.5,1467.3,1470.3,normalTexture:png:4096:3083272 baseColorTexture:jpeg:4096:1403694 metallicRoughnessTexture:jpeg:4096:1073668,de1039582c2f888dfadcd17ba393c3bf16ddd5f23aeb328f2f0f30e8cca4740f,571a40ee2fa9 4db1cce4e07d e679320c3d98,,,,,,,,,,
uv_crate_20k__smart66,1.43,639.8,0,,smart,66.0,0.003,none,clear,0.0,2048,1,0.02,0.04,8,ADJACENT_FACES,emit,none,True,1e-06,,,0.113,0,,,,,,20000,12388,6078836,74,0.0776,0.5579,0.5566,0,1,1466.4,1464.2,1467.3,normalTexture:png:4096:3083272 baseColorTexture:jpeg:4096:1403694 metallicRoughnessTexture:jpeg:4096:1073668,62e4dd87e72429f2df6a2fe975d016d3a97f0dba9962f745161b2f55ad3d6930,571a40ee2fa9 4db1cce4e07d e679320c3d98,,,,,,,,,,
uv_crate_20k__smart66_aabb,1.24,622.4,0,,smart,66.0,0.003,aabb,clear,0.0,2048,1,0.02,0.04,8,ADJACENT_FACES,emit,none,True,1e-06,,,0.113,0,,,,,,20000,12388,6078836,74,0.0776,0.5575,0.5566,0,1,1466.4,1464.2,1467.3,normalTexture:png:4096:3083272 baseColorTexture:jpeg:4096:1403694 metallicRoughnessTexture:jpeg:4096:1073668,66e1da595519c4eef025f026bb2b6765e96b0a0b8e34c66b5581a4a013fb0266,571a40ee2fa9 4db1cce4e07d e679320c3d98,,,,,,,,,,
uv_crate_20k__smart66_add1,1.44,662.7,0,,smart,66.0,0.001,none,clear,0.0,2048,1,0.02,0.04,8,ADJACENT_FACES,emit,none,True,1e-06,,,0.088,0,,,,,,20000,12388,6078836,74,0.0776,0.5667,0.5659,0,1,1478.6,1476.3,1479.4,normalTexture:png:4096:3083272 baseColorTexture:jpeg:4096:1403694 metallicRoughnessTexture:jpeg:4096:1073668,89978e5ebe9968c94f8e7b91da73dadaec8cef62311457080f6ce665475289a5,571a40ee2fa9 4db1cce4e07d e679320c3d98,,,,,,,,,,
uv_crate_20k__smart66_add1_concave,3.04,650.4,0,,smart,66.0,0.001,concave,clear,0.0,2048,1,0.02,0.04,8,ADJACENT_FACES,emit,none,True,1e-06,,,1.539,0,,,,,,20000,12388,6078836,74,0.0776,0.5607,0.5595,0,1,1470.3,1468.0,1471.1,normalTexture:png:4096:3083272 baseColorTexture:jpeg:4096:1403694 metallicRoughnessTexture:jpeg:4096:1073668,862c153e237b08e941951cac3a67aa993b549999067cd5089271caf3464aa8fe,571a40ee2fa9 4db1cce4e07d e679320c3d98,,,,,,,,,,
uv_crate_20k__smart66_concave,3.13,622.2,0,,smart,66.0,0.003,concave,clear,0.0,2048,1,0.02,0.04,8,ADJACENT_FACES,emit,none,True,1e-06,,,1.958,0,,,,,,20000,12388,6078836,74,0.0776,0.5653,0.5639,0,1,1476.0,1473.8,1476.9,normalTexture:png:4096:3083272 baseColorTexture:jpeg:4096:1403694 metallicRoughnessTexture:jpeg:4096:1073668,b9fbb869288ec8068bb92ec93cb85b16a182aefba2441e4f9db3d76549bf3091,571a40ee2fa9 4db1cce4e07d e679320c3d98,,,,,,,,,,
uv_crate_20k__smart66_m0,1.22,624.5,0,,smart,66.0,0.0,none,clear,0.0,2048,1,0.02,0.04,8,ADJACENT_FACES,emit,none,True,1e-06,,,0.085,0,,,,,,20000,12388,6078836,74,0.0776,0.5687,0.5685,0,1,1482.1,1479.8,1482.9,normalTexture:png:4096:3083272 baseColorTexture:jpeg:4096:1403694 metallicRoughnessTexture:jpeg:4096:1073668,386b774f21d97067323daf80c9d2c786ff6231dc5a2a2d309400ccf3d8731529,571a40ee2fa9 4db1cce4e07d e679320c3d98,,,,,,,,,,
uv_crate_20k__smart66_m001,1.21,618.3,0,,smart,66.0,0.001,none,clear,0.0,2048,1,0.02,0.04,8,ADJACENT_FACES,emit,none,True,1e-06,,,0.084,0,,,,,,20000,12388,6078836,74,0.0776,0.5646,0.5645,0,1,1476.8,1474.6,1477.7,normalTexture:png:4096:3083272 baseColorTexture:jpeg:4096:1403694 metallicRoughnessTexture:jpeg:4096:1073668,59e776b58a3c88a53882f8a78e59bf58483e12800fab4f537d989def822717a5,571a40ee2fa9 4db1cce4e07d e679320c3d98,,,,,,,,,,
uv_crate_20k__smart66_m01,1.22,615.5,0,,smart,66.0,0.01,none,clear,0.0,2048,1,0.02,0.04,8,ADJACENT_FACES,emit,none,True,1e-06,,,0.085,0,,,,,,20000,12388,6078836,74,0.0776,0.5307,0.5302,0,1,1431.2,1429.1,1432.1,normalTexture:png:4096:3083272 baseColorTexture:jpeg:4096:1403694 metallicRoughnessTexture:jpeg:4096:1073668,930ab2ad386d9ea2caa20cdf5a627e38de3320b85e3334b709180ff0820f6503,571a40ee2fa9 4db1cce4e07d e679320c3d98,,,,,,,,,,
uv_crate_20k__smart66_m03,1.21,613.1,0,,smart,66.0,0.03,none,clear,0.0,2048,1,0.02,0.04,8,ADJACENT_FACES,emit,none,True,1e-06,,,0.084,0,,,,,,20000,12388,6078836,74,0.0776,0.4497,0.4492,0,1,1317.4,1315.4,1318.2,normalTexture:png:4096:3083272 baseColorTexture:jpeg:4096:1403694 metallicRoughnessTexture:jpeg:4096:1073668,13d23a8adcfbf0d1b68118850d919ce4db222fcdbfcaa8ab71884df59797b448,571a40ee2fa9 4db1cce4e07d e679320c3d98,,,,,,,,,,
uv_crate_20k__smart80,1.22,623.3,0,,smart,80.0,0.003,none,clear,0.0,2048,1,0.02,0.04,8,ADJACENT_FACES,emit,none,True,1e-06,,,0.087,0,,,,,,20000,12388,6078836,74,0.0776,0.5579,0.5566,0,1,1466.4,1464.1,1467.3,normalTexture:png:4096:3083272 baseColorTexture:jpeg:4096:1403694 metallicRoughnessTexture:jpeg:4096:1073668,e4fb88d76d8d94b13500cf01d0e9ff5f28bb215d7978e6d6a90bb1eb203e18b3,571a40ee2fa9 4db1cce4e07d e679320c3d98,,,,,,,,,,
uv_crate_20k__smart89,1.21,618.7,0,,smart,89.0,0.003,none,clear,0.0,2048,1,0.02,0.04,8,ADJACENT_FACES,emit,none,True,1e-06,,,0.084,0,,,,,,20000,12388,6078836,74,0.0776,0.5579,0.5566,0,1,1466.4,1464.1,1467.3,normalTexture:png:4096:3083272 baseColorTexture:jpeg:4096:1403694 metallicRoughnessTexture:jpeg:4096:1073668,fa4fdae9ccdcbedd5612981d392ede316ce814c919a467ec4dc6b19776c51e03,571a40ee2fa9 4db1cce4e07d e679320c3d98,,,,,,,,,,
uv_crate_5k__keep,1.09,607.0,0,,keep,66.0,0.003,none,clear,0.0,2048,1,0.02,0.04,8,ADJACENT_FACES,emit,none,True,1e-06,,,0.0,0,,,,,,5000,4255,5728576,233,0.2117,0.5123,0.5125,0,1,1407.2,787.8,1705.6,normalTexture:png:4096:3083272 baseColorTexture:jpeg:4096:1403694 metallicRoughnessTexture:jpeg:4096:1073668,309b22cfc89acc53942c57181438c4dc9d607d1f1fdca00a40025ccbb3e24111,571a40ee2fa9 4db1cce4e07d e679320c3d98,,,,,,,,,,
uv_crate_5k__sharp30,2.41,589.5,0,,sharp_unwrap,66.0,0.003,concave,clear,0.0,2048,1,0.02,0.04,8,ADJACENT_FACES,emit,none,True,1e-06,,,1.396,0,,,,,,5000,3542,5705756,60,0.1324,0.4605,0.4609,0,1,1334.4,1323.4,1339.9,normalTexture:png:4096:3083272 baseColorTexture:jpeg:4096:1403694 metallicRoughnessTexture:jpeg:4096:1073668,dce474774405ac6ddfdbbe97478b8784bc0126a600a9dec748ca8410ba0e40d9,571a40ee2fa9 4db1cce4e07d e679320c3d98,,,,,,,,,,
uv_crate_5k__sharp60,1.12,645.1,0,,sharp_unwrap,66.0,0.003,concave,clear,0.0,2048,1,0.02,0.04,8,ADJACENT_FACES,emit,none,True,1e-06,,,0.191,0,,,,,,5000,3348,5699548,22,0.1116,0.3737,0.375,0,1,1203.7,95.2,2269.9,normalTexture:png:4096:3083272 baseColorTexture:jpeg:4096:1403694 metallicRoughnessTexture:jpeg:4096:1073668,df5aac528c810f33fa2bd33245d590ec8b1baa319005e3a6c76e853e72e1e9ee,571a40ee2fa9 4db1cce4e07d e679320c3d98,,,,,,,,,,
uv_crate_5k__smart20,1.12,590.0,0,,smart,20.0,0.003,none,clear,0.0,2048,1,0.02,0.04,8,ADJACENT_FACES,emit,none,True,1e-06,,,0.071,0,,,,,,5000,3729,5711740,129,0.1475,0.5571,0.5564,0,1,1466.2,1463.9,1466.9,normalTexture:png:4096:3083272 baseColorTexture:jpeg:4096:1403694 metallicRoughnessTexture:jpeg:4096:1073668,fed39f68004b5bbc1e3a5ef08ccdda66808d4a7f7add4bb37a7ba6e6ab45732f,571a40ee2fa9 4db1cce4e07d e679320c3d98,,,,,,,,,,
uv_crate_5k__smart30,1.1,581.5,0,,smart,30.0,0.003,none,clear,0.0,2048,1,0.02,0.04,8,ADJACENT_FACES,emit,none,True,1e-06,,,0.074,0,,,,,,5000,3640,5708892,92,0.1405,0.5572,0.5565,0,1,1466.4,1464.2,1467.1,normalTexture:png:4096:3083272 baseColorTexture:jpeg:4096:1403694 metallicRoughnessTexture:jpeg:4096:1073668,c2aca3f48114affbc35b815aba216968312834dbb272925f4c18f5d922751df1,571a40ee2fa9 4db1cce4e07d e679320c3d98,,,,,,,,,,
uv_crate_5k__smart45,1.09,584.1,0,,smart,45.0,0.003,none,clear,0.0,2048,1,0.02,0.04,8,ADJACENT_FACES,emit,none,True,1e-06,,,0.073,0,,,,,,5000,3488,5704028,47,0.1265,0.5581,0.5566,0,1,1466.5,1464.3,1467.3,normalTexture:png:4096:3083272 baseColorTexture:jpeg:4096:1403694 metallicRoughnessTexture:jpeg:4096:1073668,f88b89dbb6f5579c9e11623a91d64e33c241ada342b03eb6ce67a0aff8ef320a,571a40ee2fa9 4db1cce4e07d e679320c3d98,,,,,,,,,,
uv_crate_5k__smart45_concave,2.42,585.9,0,,smart,45.0,0.003,concave,clear,0.0,2048,1,0.02,0.04,8,ADJACENT_FACES,emit,none,True,1e-06,,,1.418,0,,,,,,5000,3488,5704028,47,0.1265,0.5639,0.5634,0,1,1475.5,1473.3,1476.3,normalTexture:png:4096:3083272 baseColorTexture:jpeg:4096:1403694 metallicRoughnessTexture:jpeg:4096:1073668,626239d69cb954395897863529abe09a0884c0c0ddb1840ae0e1692e225c4a3d,571a40ee2fa9 4db1cce4e07d e679320c3d98,,,,,,,,,,
uv_crate_5k__smart66,1.06,589.6,0,,smart,66.0,0.003,none,clear,0.0,2048,1,0.02,0.04,8,ADJACENT_FACES,emit,none,True,1e-06,,,0.069,0,,,,,,5000,3489,5704060,47,0.1267,0.5579,0.5566,0,1,1466.5,1464.3,1467.3,normalTexture:png:4096:3083272 baseColorTexture:jpeg:4096:1403694 metallicRoughnessTexture:jpeg:4096:1073668,5e005e48068ec29af443e10d8acc0b6f09caf6ed3653856acb0f0ce286751c70,571a40ee2fa9 4db1cce4e07d e679320c3d98,,,,,,,,,,
uv_crate_5k__smart66_aabb,1.04,585.8,0,,smart,66.0,0.003,aabb,clear,0.0,2048,1,0.02,0.04,8,ADJACENT_FACES,emit,none,True,1e-06,,,0.072,0,,,,,,5000,3489,5704060,47,0.1267,0.5574,0.5566,0,1,1466.5,1464.3,1467.3,normalTexture:png:4096:3083272 baseColorTexture:jpeg:4096:1403694 metallicRoughnessTexture:jpeg:4096:1073668,5ba9792cf2eb732e1be7fe37ef82ad4b7d7049bd5b4364a7980fe28bc97de73c,571a40ee2fa9 4db1cce4e07d e679320c3d98,,,,,,,,,,
uv_crate_5k__smart66_concave,2.43,585.7,0,,smart,66.0,0.003,concave,clear,0.0,2048,1,0.02,0.04,8,ADJACENT_FACES,emit,none,True,1e-06,,,1.42,0,,,,,,5000,3489,5704060,47,0.1267,0.5635,0.5634,0,1,1475.5,1473.3,1476.3,normalTexture:png:4096:3083272 baseColorTexture:jpeg:4096:1403694 metallicRoughnessTexture:jpeg:4096:1073668,4ed397faeeb027516ddc22fff386d430b22990633aa62c882d31c65da447a7cf,571a40ee2fa9 4db1cce4e07d e679320c3d98,,,,,,,,,,
uv_crate_5k__smart66_m0,1.06,584.8,0,,smart,66.0,0.0,none,clear,0.0,2048,1,0.02,0.04,8,ADJACENT_FACES,emit,none,True,1e-06,,,0.069,0,,,,,,5000,3489,5704060,47,0.1267,0.5685,0.5685,0,1,1482.0,1479.9,1482.9,normalTexture:png:4096:3083272 baseColorTexture:jpeg:4096:1403694 metallicRoughnessTexture:jpeg:4096:1073668,61a8f0dda1c92e013c872e26c4abf5df04891b69c87bf501901ad2bd1e943bd3,571a40ee2fa9 4db1cce4e07d e679320c3d98,,,,,,,,,,
uv_crate_5k__smart66_m001,1.04,584.2,0,,smart,66.0,0.001,none,clear,0.0,2048,1,0.02,0.04,8,ADJACENT_FACES,emit,none,True,1e-06,,,0.068,0,,,,,,5000,3489,5704060,47,0.1267,0.5657,0.5645,0,1,1476.8,1474.6,1477.7,normalTexture:png:4096:3083272 baseColorTexture:jpeg:4096:1403694 metallicRoughnessTexture:jpeg:4096:1073668,a3f3c0241df7f23644ff7620db629d101ff9e64d9c9999f6e9ad4f03ff9ac529,571a40ee2fa9 4db1cce4e07d e679320c3d98,,,,,,,,,,
uv_crate_5k__smart66_m01,1.05,585.0,0,,smart,66.0,0.01,none,clear,0.0,2048,1,0.02,0.04,8,ADJACENT_FACES,emit,none,True,1e-06,,,0.069,0,,,,,,5000,3489,5704060,47,0.1267,0.5306,0.5303,0,1,1431.4,1429.3,1432.2,normalTexture:png:4096:3083272 baseColorTexture:jpeg:4096:1403694 metallicRoughnessTexture:jpeg:4096:1073668,9b604995526526051556c0805f0f55842112c5c2885f24c91a80be8bdb223279,571a40ee2fa9 4db1cce4e07d e679320c3d98,,,,,,,,,,
uv_crate_5k__smart66_m03,1.07,598.4,0,,smart,66.0,0.03,none,clear,0.0,2048,1,0.02,0.04,8,ADJACENT_FACES,emit,none,True,1e-06,,,0.074,0,,,,,,5000,3489,5704060,47,0.1267,0.4495,0.4497,0,1,1318.1,1316.2,1318.9,normalTexture:png:4096:3083272 baseColorTexture:jpeg:4096:1403694 metallicRoughnessTexture:jpeg:4096:1073668,cc761cf5f73d46c228275aaadfa84eb8e5a487dfa494c127f382a1e7e17dd5be,571a40ee2fa9 4db1cce4e07d e679320c3d98,,,,,,,,,,
uv_crate_5k__smart80,1.08,590.1,0,,smart,80.0,0.003,none,clear,0.0,2048,1,0.02,0.04,8,ADJACENT_FACES,emit,none,True,1e-06,,,0.071,0,,,,,,5000,3489,5704060,47,0.1267,0.5579,0.5566,0,1,1466.5,1464.3,1467.3,normalTexture:png:4096:3083272 baseColorTexture:jpeg:4096:1403694 metallicRoughnessTexture:jpeg:4096:1073668,d9eac00632bd12bddf87ec56055ba6473434a652f33943b2f1f511804f7b5182,571a40ee2fa9 4db1cce4e07d e679320c3d98,,,,,,,,,,
uv_crate_5k__smart89,1.07,584.6,0,,smart,89.0,0.003,none,clear,0.0,2048,1,0.02,0.04,8,ADJACENT_FACES,emit,none,True,1e-06,,,0.069,0,,,,,,5000,3489,5704060,47,0.1267,0.5578,0.5566,0,1,1466.5,1464.3,1467.3,normalTexture:png:4096:3083272 baseColorTexture:jpeg:4096:1403694 metallicRoughnessTexture:jpeg:4096:1073668,4cd80adaf4374652800dffbcfc5f0d22aa5a358a7c43498f99dad19bed435345,571a40ee2fa9 4db1cce4e07d e679320c3d98,,,,,,,,,,
uv_orb_20k__keep,1.31,670.1,0,,keep,66.0,0.003,none,clear,0.0,2048,1,0.02,0.04,8,ADJACENT_FACES,emit,none,True,1e-06,,,0.0,0,,,,,,20000,18328,9972448,1395,0.2446,0.389,0.39,0,1,1962.2,982.0,2692.2,normalTexture:png:4096:4691100 baseColorTexture:jpeg:4096:3179246 metallicRoughnessTexture:jpeg:4096:1393822,34e7e223153c5cf5b7338b55627fea8ca57be569433b81b87bfd38c76ca34bbe,073801ac19b0 93da9168a919 9eeccfc027ed,,,,,,,,,,
uv_orb_20k__keep_concave,2.71,642.3,0,,keep,66.0,0.003,concave,clear,0.0,2048,1,0.02,0.04,8,ADJACENT_FACES,emit,none,True,1e-06,,,0.902,0,,,,,,20000,18724,9985120,1395,0.2446,0.2368,0.2372,0,1,1530.2,903.4,1950.6,normalTexture:png:4096:4691100 baseColorTexture:jpeg:4096:3179246 metallicRoughnessTexture:jpeg:4096:1393822,b6ae871f48326e26621946e4d38485483886425d8a9cd8887ac10b2b2daff137,073801ac19b0 93da9168a919 9eeccfc027ed,,,,,,,,,,
uv_orb_20k__keep_concave_add05,3.3,684.7,0,,keep,66.0,0.003,concave,clear,0.0,2048,1,0.02,0.04,8,ADJACENT_FACES,emit,none,True,1e-06,,,1.923,0,,,,,,20000,18724,9985120,1395,0.2446,0.6342,0.6353,0,1,2504.4,1478.7,3192.5,normalTexture:png:4096:4691100 baseColorTexture:jpeg:4096:3179246 metallicRoughnessTexture:jpeg:4096:1393822,2e3181e9a59238c5843c065dba6b14c719f9089812552f0f3689d1e7a2e11dd6,073801ac19b0 93da9168a919 9eeccfc027ed,,,,,,,,,,
uv_orb_20k__keep_concave_add1,3.81,669.8,0,,keep,66.0,0.003,concave,clear,0.0,2048,1,0.02,0.04,8,ADJACENT_FACES,emit,none,True,1e-06,,,1.826,0,,,,,,20000,18724,9985120,1395,0.2446,0.5563,0.5576,0,1,2346.2,1385.2,2990.9,normalTexture:png:4096:4691100 baseColorTexture:jpeg:4096:3179246 metallicRoughnessTexture:jpeg:4096:1393822,ee9922583d0afe28e79c76c49e8da388716ff281391202d9195bff4c7d0a71b2,073801ac19b0 93da9168a919 9eeccfc027ed,,,,,,,,,,
uv_orb_20k__sharp30,2.17,692.8,0,,sharp_unwrap,66.0,0.003,concave,clear,0.0,2048,1,0.02,0.04,8,ADJACENT_FACES,emit,none,True,1e-06,,,0.991,0,,,,,,20000,29398,10326688,5545,0.47,0.1078,0.1124,0,1,1053.4,92.4,1949.2,normalTexture:png:4096:4691100 baseColorTexture:jpeg:4096:3179246 metallicRoughnessTexture:jpeg:4096:1393822,47fde1f1a1962ab8543a07de64010e5e9dcfabacc38911ef6d6bb9660e60e6b9,073801ac19b0 93da9168a919 9eeccfc027ed,,,,,,,,,,
uv_orb_20k__sharp60,2.13,698.5,0,,sharp_unwrap,66.0,0.003,concave,clear,0.0,2048,1,0.02,0.04,8,ADJACENT_FACES,emit,none,True,1e-06,,,0.849,0,,,,,,20000,17293,9939328,1232,0.2268,0.0289,0.0673,0,1,815.2,6.8,832.1,normalTexture:png:4096:4691100 baseColorTexture:jpeg:4096:3179246 metallicRoughnessTexture:jpeg:4096:1393822,cee5a24d254e8a27768a55fdec6a3f1a346b919ff398d4036b1a9110e66ca96e,073801ac19b0 93da9168a919 9eeccfc027ed,,,,,,,,,,
uv_orb_20k__smart20,1.34,683.3,0,,smart,20.0,0.003,none,clear,0.0,2048,1,0.02,0.04,8,ADJACENT_FACES,emit,none,True,1e-06,,,0.201,0,,,,,,20000,43341,10772868,11845,0.7191,0.0139,0.0141,0,1,373.1,368.5,376.4,normalTexture:png:4096:4691100 baseColorTexture:jpeg:4096:3179246 metallicRoughnessTexture:jpeg:4096:1393822,c544971ec5e38ce900b7ea2c84908b85d6749affd6c6370e959d4f1a0ee6ef21,073801ac19b0 93da9168a919 9eeccfc027ed,,,,,,,,,,
uv_orb_20k__smart30,1.44,674.7,0,,smart,30.0,0.003,none,clear,0.0,2048,1,0.02,0.04,8,ADJACENT_FACES,emit,none,True,1e-06,,,0.199,0,,,,,,20000,38706,10624548,9672,0.639,0.0228,0.0229,0,1,475.0,462.0,483.8,normalTexture:png:4096:4691100 baseColorTexture:jpeg:4096:3179246 metallicRoughnessTexture:jpeg:4096:1393822,71f9e797f53bde33e7d7631bbbe36bdbf1d0bf6001bfe9de277f12b7fa36d1ae,073801ac19b0 93da9168a919 9eeccfc027ed,,,,,,,,,,
uv_orb_20k__smart45,1.42,652.8,0,,smart,45.0,0.003,none,clear,0.0,2048,1,0.02,0.04,8,ADJACENT_FACES,emit,none,True,1e-06,,,0.213,0,,,,,,20000,33710,10464676,7366,0.5524,0.0406,0.0403,0,1,631.1,600.9,653.5,normalTexture:png:4096:4691100 baseColorTexture:jpeg:4096:3179246 metallicRoughnessTexture:jpeg:4096:1393822,e270c278dea5255ca3d211b33821d27a5981de6a2cae8e5b9de4125877b37dc4,073801ac19b0 93da9168a919 9eeccfc027ed,,,,,,,,,,
uv_orb_20k__smart45_concave,1.72,623.1,0,,smart,45.0,0.003,concave,clear,0.0,2048,1,0.02,0.04,8,ADJACENT_FACES,emit,none,True,1e-06,,,0.49,0,,,,,,20000,33710,10464676,7366,0.5524,0.0442,0.0442,0,1,660.6,629.0,684.0,normalTexture:png:4096:4691100 baseColorTexture:jpeg:4096:3179246 metallicRoughnessTexture:jpeg:4096:1393822,1db822235865c39ad8f0fe1b3e737c1b675428be3093d1654091f9a0662dea27,073801ac19b0 93da9168a919 9eeccfc027ed,,,,,,,,,,
uv_orb_20k__smart66,1.38,639.1,0,,smart,66.0,0.003,none,clear,0.0,2048,1,0.02,0.04,8,ADJACENT_FACES,emit,none,True,1e-06,,,0.216,0,,,,,,20000,26105,10221312,4174,0.4151,0.1183,0.1197,0,1,1087.0,966.1,1171.6,normalTexture:png:4096:4691100 baseColorTexture:jpeg:4096:3179246 metallicRoughnessTexture:jpeg:4096:1393822,e796ae21aa72ffbb0ca63c6321c5c771534783beba8f3ae109a1313e4f7641ab,073801ac19b0 93da9168a919 9eeccfc027ed,,,,,,,,,,
uv_orb_20k__smart66_aabb,1.56,623.7,0,,smart,66.0,0.003,aabb,clear,0.0,2048,1,0.02,0.04,8,ADJACENT_FACES,emit,none,True,1e-06,,,0.334,0,,,,,,20000,26105,10221312,4174,0.4151,0.126,0.1279,0,1,1123.8,998.7,1211.3,normalTexture:png:4096:4691100 baseColorTexture:jpeg:4096:3179246 metallicRoughnessTexture:jpeg:4096:1393822,6a61d6645b750d412818419ad362516185f2a426fffcbc9af7bd4cdda3d91362,073801ac19b0 93da9168a919 9eeccfc027ed,,,,,,,,,,
uv_orb_20k__smart66_add05,1.58,617.0,0,,smart,66.0,0.0005,none,clear,0.0,2048,1,0.02,0.04,8,ADJACENT_FACES,emit,none,True,1e-06,,,0.223,0,,,,,,20000,26105,10221312,4174,0.4151,0.4543,0.4599,0,1,2130.7,1893.6,2296.5,normalTexture:png:4096:4691100 baseColorTexture:jpeg:4096:3179246 metallicRoughnessTexture:jpeg:4096:1393822,8df6b7fed947a9d431e699473081a38bd60d15217d1b1d605b61b5a2cb00deb0,073801ac19b0 93da9168a919 9eeccfc027ed,,,,,,,,,,
uv_orb_20k__smart66_add1,1.69,661.4,0,,smart,66.0,0.001,none,clear,0.0,2048,1,0.02,0.04,8,ADJACENT_FACES,emit,none,True,1e-06,,,0.284,0,,,,,,20000,26105,10221312,4174,0.4151,0.437,0.4428,0,1,2090.9,1858.1,2253.6,normalTexture:png:4096:4691100 baseColorTexture:jpeg:4096:3179246 metallicRoughnessTexture:jpeg:4096:1393822,3cc652e999b5a71cee35abd9a139213e4f340c797bfaa0471edf08eddef26410,073801ac19b0 93da9168a919 9eeccfc027ed,,,,,,,,,,
uv_orb_20k__smart66_add1_concave,3.17,621.9,0,,smart,66.0,0.001,concave,clear,0.0,2048,1,0.02,0.04,8,ADJACENT_FACES,emit,none,True,1e-06,,,1.833,0,,,,,,20000,26105,10221312,4174,0.4151,0.535,0.5415,0,1,2312.2,2054.9,2492.2,normalTexture:png:4096:4691100 baseColorTexture:jpeg:4096:3179246 metallicRoughnessTexture:jpeg:4096:1393822,cbb7bbba5c961a2b51d5fe4355e5a206758689252e2ee47978551f20260acfca,073801ac19b0 93da9168a919 9eeccfc027ed,,,,,,,,,,
uv_orb_20k__smart66_concave,1.9,618.3,0,,smart,66.0,0.003,concave,clear,0.0,2048,1,0.02,0.04,8,ADJACENT_FACES,emit,none,True,1e-06,,,0.699,0,,,,,,20000,26105,10221312,4174,0.4151,0.126,0.1279,0,1,1123.8,998.7,1211.3,normalTexture:png:4096:4691100 baseColorTexture:jpeg:4096:3179246 metallicRoughnessTexture:jpeg:4096:1393822,6a61d6645b750d412818419ad362516185f2a426fffcbc9af7bd4cdda3d91362,073801ac19b0 93da9168a919 9eeccfc027ed,,,,,,,,,,
uv_orb_20k__smart66_frac,1.88,623.6,0,,smart,66.0,0.003,none,clear,0.0,2048,1,0.02,0.04,8,ADJACENT_FACES,emit,none,True,1e-06,,,0.124,0,,,,,,20000,26105,10221312,4174,0.4151,0.2006,0.2034,0,1,1417.1,1259.4,1527.4,normalTexture:png:4096:4691100 baseColorTexture:jpeg:4096:3179246 metallicRoughnessTexture:jpeg:4096:1393822,cfb6e4086200b9242fc4f7777f07dfd04a1a9be10bbe87c8ea55681559f7f135,073801ac19b0 93da9168a919 9eeccfc027ed,,,,,,,,,,
uv_orb_20k__smart66_m0,1.44,646.2,0,,smart,66.0,0.0,none,clear,0.0,2048,1,0.02,0.04,8,ADJACENT_FACES,emit,none,True,1e-06,,,0.219,0,,,,,,20000,26105,10221312,4174,0.4151,0.4603,0.4662,0,1,2145.5,1906.7,2312.4,normalTexture:png:4096:4691100 baseColorTexture:jpeg:4096:3179246 metallicRoughnessTexture:jpeg:4096:1393822,e3b8cbd4cb2e03a2f7372d4890ec88400891f5e11d090b5f4b42427c7b39c5b8,073801ac19b0 93da9168a919 9eeccfc027ed,,,,,,,,,,
uv_orb_20k__smart66_m001,1.41,632.4,0,,smart,66.0,0.001,none,clear,0.0,2048,1,0.02,0.04,8,ADJACENT_FACES,emit,none,True,1e-06,,,0.213,0,,,,,,20000,26105,10221312,4174,0.4151,0.2854,0.2891,0,1,1689.4,1501.4,1820.9,normalTexture:png:4096:4691100 baseColorTexture:jpeg:4096:3179246 metallicRoughnessTexture:jpeg:4096:1393822,a3cd867f41aa4e14662ffd9ec38c2753e027432bd1ac82e6e8a22b542c9eee3f,073801ac19b0 93da9168a919 9eeccfc027ed,,,,,,,,,,
uv_orb_20k__smart66_m01,1.43,623.3,0,,smart,66.0,0.01,none,clear,0.0,2048,1,0.02,0.04,8,ADJACENT_FACES,emit,none,True,1e-06,,,0.198,0,,,,,,20000,26105,10221312,4174,0.4151,0.0217,0.0222,0,1,468.6,416.5,505.1,normalTexture:png:4096:4691100 baseColorTexture:jpeg:4096:3179246 metallicRoughnessTexture:jpeg:4096:1393822,5e9ccd03edcd344d9018904b079fa2660133eb6430f6c6612fb87b1e5a6c2c6c,073801ac19b0 93da9168a919 9eeccfc027ed,,,,,,,,,,
uv_orb_20k__smart66_m03,1.38,621.0,0,,smart,66.0,0.03,none,clear,0.0,2048,1,0.02,0.04,8,ADJACENT_FACES,emit,none,True,1e-06,,,0.175,0,,,,,,20000,26105,10221312,4174,0.4151,0.0032,0.0031,0,1,176.1,156.5,189.8,normalTexture:png:4096:4691100 baseColorTexture:jpeg:4096:3179246 metallicRoughnessTexture:jpeg:4096:1393822,823f346589190b3631295e0c169e8e882542b57e59cec85d35d6b31f521b4650,073801ac19b0 93da9168a919 9eeccfc027ed,,,,,,,,,,
uv_orb_20k__smart80,1.4,641.3,0,,smart,80.0,0.003,none,clear,0.0,2048,1,0.02,0.04,8,ADJACENT_FACES,emit,none,True,1e-06,,,0.205,0,,,,,,20000,26207,10224576,4212,0.4176,0.1183,0.12,0,1,1088.3,970.9,1172.7,normalTexture:png:4096:4691100 baseColorTexture:jpeg:4096:3179246 metallicRoughnessTexture:jpeg:4096:1393822,1d368ab46de12136a1151312188c37f5fd3eab0f601b3d59fafec79220d1a0be,073801ac19b0 93da9168a919 9eeccfc027ed,,,,,,,,,,
uv_orb_20k__smart89,1.39,638.0,0,,smart,89.0,0.003,none,clear,0.0,2048,1,0.02,0.04,8,ADJACENT_FACES,emit,none,True,1e-06,,,0.205,0,,,,,,20000,24774,10178720,3694,0.3905,0.1461,0.1493,0,1,1214.1,853.6,1359.8,normalTexture:png:4096:4691100 baseColorTexture:jpeg:4096:3179246 metallicRoughnessTexture:jpeg:4096:1393822,fb2e50b4cab7ddb72eef733a49c22f778d653b892db082941037b53f1b900bc8,073801ac19b0 93da9168a919 9eeccfc027ed,,,,,,,,,,
uv_orb_20k__smart89_add1_concave,3.5,637.6,0,,smart,89.0,0.001,concave,clear,0.0,2048,1,0.02,0.04,8,ADJACENT_FACES,emit,none,True,1e-06,,,1.979,0,,,,,,20000,24774,10178720,3694,0.3905,0.5629,0.5754,0,1,2383.5,1675.8,2669.5,normalTexture:png:4096:4691100 baseColorTexture:jpeg:4096:3179246 metallicRoughnessTexture:jpeg:4096:1393822,9ca9801e31d711d81817f0552bda6cef5cc4d98bbcd3c4ff5e901d754d822aee,073801ac19b0 93da9168a919 9eeccfc027ed,,,,,,,,,,
uv_orb_5k__keep,1.05,648.0,0,,keep,66.0,0.003,none,clear,0.0,2048,1,0.02,0.04,8,ADJACENT_FACES,emit,none,True,1e-06,,,0.0,0,,,,,,5000,6662,9509128,1170,0.4439,0.3075,0.3083,0,1,1770.8,697.2,2582.1,normalTexture:png:4096:4691100 baseColorTexture:jpeg:4096:3179246 metallicRoughnessTexture:jpeg:4096:1393822,5a8cda6918173d2b2bdcbaf13178cdeaccb2fcb4f9064359671445e9aca8677b,073801ac19b0 93da9168a919 9eeccfc027ed,,,,,,,,,,
uv_orb_5k__sharp30,1.98,672.4,0,,sharp_unwrap,66.0,0.003,concave,clear,0.0,2048,1,0.02,0.04,8,ADJACENT_FACES,emit,none,True,1e-06,,,1.048,0,,,,,,5000,8126,9555976,1762,0.5245,0.2801,0.2896,0,1,1716.2,308.5,3580.7,normalTexture:png:4096:4691100 baseColorTexture:jpeg:4096:3179246 metallicRoughnessTexture:jpeg:4096:1393822,1a36aafbc7f0f156feb89dce272790b4cafb41c18db70f97ff0da9d42ed7003c,073801ac19b0 93da9168a919 9eeccfc027ed,,,,,,,,,,
uv_orb_5k__sharp60,1.46,670.1,0,,sharp_unwrap,66.0,0.003,concave,clear,0.0,2048,1,0.02,0.04,8,ADJACENT_FACES,emit,none,True,1e-06,,,0.514,0,,,,,,5000,5557,9473768,759,0.3283,0.4547,0.4607,0,1,2164.7,54.9,4776.8,normalTexture:png:4096:4691100 baseColorTexture:jpeg:4096:3179246 metallicRoughnessTexture:jpeg:4096:1393822,b574e88badc701dd717f3583d6a5b5587d1fbae25ba2ab25a2cc5e875eb76b99,073801ac19b0 93da9168a919 9eeccfc027ed,,,,,,,,,,
uv_orb_5k__smart20,1.31,590.8,0,,smart,20.0,0.003,none,clear,0.0,2048,1,0.02,0.04,8,ADJACENT_FACES,emit,none,True,1e-06,,,0.204,0,,,,,,5000,11412,9661132,3235,0.7593,0.0717,0.072,0,1,855.4,845.2,862.4,normalTexture:png:4096:4691100 baseColorTexture:jpeg:4096:3179246 metallicRoughnessTexture:jpeg:4096:1393822,ef5e90be6f6740b82c6bdb264411a8c6d1f6f6a1d6b39a2856998fa034143998,073801ac19b0 93da9168a919 9eeccfc027ed,,,,,,,,,,
uv_orb_5k__smart30,1.33,593.6,0,,smart,30.0,0.003,none,clear,0.0,2048,1,0.02,0.04,8,ADJACENT_FACES,emit,none,True,1e-06,,,0.196,0,,,,,,5000,10261,9624300,2695,0.6801,0.0964,0.0963,0,1,989.5,959.9,1009.5,normalTexture:png:4096:4691100 baseColorTexture:jpeg:4096:3179246 metallicRoughnessTexture:jpeg:4096:1393822,0122d6f6b4cb85fa4837ac893d4550426e617827f42c5ae1e80dc638a6527a3f,073801ac19b0 93da9168a919 9eeccfc027ed,,,,,,,,,,
uv_orb_5k__smart45,1.22,614.3,0,,smart,45.0,0.003,none,clear,0.0,2048,1,0.02,0.04,8,ADJACENT_FACES,emit,none,True,1e-06,,,0.192,0,,,,,,5000,9132,9588168,2190,0.6008,0.1346,0.1347,0,1,1170.5,1117.3,1211.9,normalTexture:png:4096:4691100 baseColorTexture:jpeg:4096:3179246 metallicRoughnessTexture:jpeg:4096:1393822,b2e70beb105d7dba76d5b01b7f9143c5d9b837b2968f178fe4b2d3ff75acd278,073801ac19b0 93da9168a919 9eeccfc027ed,,,,,,,,,,
uv_orb_5k__smart45_concave,1.69,648.2,0,,smart,45.0,0.003,concave,clear,0.0,2048,1,0.02,0.04,8,ADJACENT_FACES,emit,none,True,1e-06,,,0.756,0,,,,,,5000,9132,9588168,2190,0.6008,0.1506,0.151,0,1,1239.3,1183.0,1283.1,normalTexture:png:4096:4691100 baseColorTexture:jpeg:4096:3179246 metallicRoughnessTexture:jpeg:4096:1393822,33793b294f04584da042c42dfdd140407e24e6a45a9efe569659f68dd2931fe3,073801ac19b0 93da9168a919 9eeccfc027ed,,,,,,,,,,
uv_orb_5k__smart66,1.26,612.7,0,,smart,66.0,0.003,none,clear,0.0,2048,1,0.02,0.04,8,ADJACENT_FACES,emit,none,True,1e-06,,,0.19,0,,,,,,5000,7523,9536680,1506,0.486,0.2293,0.2307,0,1,1531.8,1367.7,1644.5,normalTexture:png:4096:4691100 baseColorTexture:jpeg:4096:3179246 metallicRoughnessTexture:jpeg:4096:1393822,f9090a4d454254495fe0a53ee7d7b5948bd00f2d0c48d3ca44adc2479ad4b463,073801ac19b0 93da9168a919 9eeccfc027ed,,,,,,,,,,
uv_orb_5k__smart66_aabb,1.32,610.7,0,,smart,66.0,0.003,aabb,clear,0.0,2048,1,0.02,0.04,8,ADJACENT_FACES,emit,none,True,1e-06,,,0.285,0,,,,,,5000,7523,9536680,1506,0.486,0.2272,0.2288,0,1,1525.6,1362.1,1637.9,normalTexture:png:4096:4691100 baseColorTexture:jpeg:4096:3179246 metallicRoughnessTexture:jpeg:4096:1393822,92f055222a04de2031985b1067d26db71afc5ccd158a04f6d34f43f1398d1c78,073801ac19b0 93da9168a919 9eeccfc027ed,,,,,,,,,,
uv_orb_5k__smart66_concave,2.2,594.7,0,,smart,66.0,0.003,concave,clear,0.0,2048,1,0.02,0.04,8,ADJACENT_FACES,emit,none,True,1e-06,,,1.129,0,,,,,,5000,7523,9536680,1506,0.486,0.2433,0.2449,0,1,1578.3,1409.2,1694.5,normalTexture:png:4096:4691100 baseColorTexture:jpeg:4096:3179246 metallicRoughnessTexture:jpeg:4096:1393822,17be2c8a58580480c9a1da5fd063c523451dedff94e7757102874662edd64fa3,073801ac19b0 93da9168a919 9eeccfc027ed,,,,,,,,,,
uv_orb_5k__smart66_m0,1.36,614.2,0,,smart,66.0,0.0,none,clear,0.0,2048,1,0.02,0.04,8,ADJACENT_FACES,emit,none,True,1e-06,,,0.202,0,,,,,,5000,7523,9536680,1506,0.486,0.4783,0.4814,0,1,2212.7,1975.6,2375.5,normalTexture:png:4096:4691100 baseColorTexture:jpeg:4096:3179246 metallicRoughnessTexture:jpeg:4096:1393822,9e118efbef096c95d3abcd75aeb192fe3d98565e878fed323b05eb9b0e1949d1,073801ac19b0 93da9168a919 9eeccfc027ed,,,,,,,,,,
uv_orb_5k__smart66_m001,1.29,595.1,0,,smart,66.0,0.001,none,clear,0.0,2048,1,0.02,0.04,8,ADJACENT_FACES,emit,none,True,1e-06,,,0.206,0,,,,,,5000,7523,9536680,1506,0.486,0.3723,0.3746,0,1,1951.8,1742.7,2095.4,normalTexture:png:4096:4691100 baseColorTexture:jpeg:4096:3179246 metallicRoughnessTexture:jpeg:4096:1393822,f60ce5340e73a99ceede33296160dc0fba0a7cb9fa0caf1993545ab95d83116b,073801ac19b0 93da9168a919 9eeccfc027ed,,,,,,,,,,
uv_orb_5k__smart66_m01,1.24,596.3,0,,smart,66.0,0.01,none,clear,0.0,2048,1,0.02,0.04,8,ADJACENT_FACES,emit,none,True,1e-06,,,0.18,0,,,,,,5000,7523,9536680,1506,0.486,0.0668,0.067,0,1,825.6,737.2,886.4,normalTexture:png:4096:4691100 baseColorTexture:jpeg:4096:3179246 metallicRoughnessTexture:jpeg:4096:1393822,5106af43de42602361bf29a2fc156914cd3e8c2fcf00b8273c85de0b7d42af6b,073801ac19b0 93da9168a919 9eeccfc027ed,,,,,,,,,,
uv_orb_5k__smart66_m03,1.24,595.3,0,,smart,66.0,0.03,none,clear,0.0,2048,1,0.02,0.04,8,ADJACENT_FACES,emit,none,True,1e-06,,,0.163,0,,,,,,5000,7523,9536680,1506,0.486,0.0131,0.0132,0,1,366.0,326.8,393.0,normalTexture:png:4096:4691100 baseColorTexture:jpeg:4096:3179246 metallicRoughnessTexture:jpeg:4096:1393822,2536f38a536df9e4c7e40d838a5da048da4ba943e7bc283b5734440b8c6a828c,073801ac19b0 93da9168a919 9eeccfc027ed,,,,,,,,,,
uv_orb_5k__smart80,1.24,613.8,0,,smart,80.0,0.003,none,clear,0.0,2048,1,0.02,0.04,8,ADJACENT_FACES,emit,none,True,1e-06,,,0.194,0,,,,,,5000,7546,9537416,1521,0.4873,0.2284,0.2298,0,1,1528.8,1363.0,1644.0,normalTexture:png:4096:4691100 baseColorTexture:jpeg:4096:3179246 metallicRoughnessTexture:jpeg:4096:1393822,9d12189fbbb83a74d524185b0efbb438a45bdf1e7b25732b5489d3164c087829,073801ac19b0 93da9168a919 9eeccfc027ed,,,,,,,,,,
uv_orb_5k__smart89,1.22,607.3,0,,smart,89.0,0.003,none,clear,0.0,2048,1,0.02,0.04,8,ADJACENT_FACES,emit,none,True,1e-06,,,0.19,0,,,,,,5000,7203,9526440,1362,0.4663,0.2531,0.257,0,1,1616.8,1213.5,1805.8,normalTexture:png:4096:4691100 baseColorTexture:jpeg:4096:3179246 metallicRoughnessTexture:jpeg:4096:1393822,e2c7adf06a2ae0bdd3398c3b499bfb0a0575d99c1af4dd46883454b11c35ba83,073801ac19b0 93da9168a919 9eeccfc027ed,,,,,,,,,,
