run,view,mean_abs_difference,share_over_8,share_over_32
bake_crate__1024,three_quarter,0.1369,0.00123,0.0
bake_crate__1024,closest,0.344,0.00229,0.0
bake_crate__1024,front,0.1668,0.00089,0.0
bake_crate__1024,back,0.0928,0.00046,0.0
bake_crate__1024,top,0.192,0.00147,1e-05
bake_crate__1024_keeppack,three_quarter,0.1982,0.00217,7e-05
bake_crate__1024_keeppack,closest,0.4727,0.00384,0.0002
bake_crate__1024_keeppack,front,0.2302,0.00178,9e-05
bake_crate__1024_keeppack,back,0.1397,0.00122,2e-05
bake_crate__1024_keeppack,top,0.2819,0.00277,0.00018
bake_crate__2048,three_quarter,0.1078,0.00114,0.0
bake_crate__2048,closest,0.2623,0.00186,0.0
bake_crate__2048,front,0.1316,0.00116,1e-05
bake_crate__2048,back,0.0689,0.00065,0.0
bake_crate__2048,top,0.1533,0.00119,0.0
bake_crate__2048_again,three_quarter,0.1078,0.00114,0.0
bake_crate__2048_again,closest,0.2623,0.00186,0.0
bake_crate__2048_again,front,0.1316,0.00116,1e-05
bake_crate__2048_again,back,0.0689,0.00065,0.0
bake_crate__2048_again,top,0.1533,0.00119,0.0
bake_crate__2048_autocage,three_quarter,0.1078,0.00114,0.0
bake_crate__2048_autocage,closest,0.2623,0.00186,0.0
bake_crate__2048_autocage,front,0.1316,0.00116,1e-05
bake_crate__2048_autocage,back,0.0689,0.00065,0.0
bake_crate__2048_autocage,top,0.1532,0.00119,0.0
bake_crate__2048_cage0,three_quarter,3.0008,0.13764,0.0483
bake_crate__2048_cage0,closest,5.2313,0.31636,0.07021
bake_crate__2048_cage0,front,2.5618,0.15484,0.03496
bake_crate__2048_cage0,back,3.0358,0.09746,0.09105
bake_crate__2048_cage0,top,3.9897,0.1721,0.08671
bake_crate__2048_cage1mm,three_quarter,0.1078,0.00114,0.0
bake_crate__2048_cage1mm,closest,0.2623,0.00186,0.0
bake_crate__2048_cage1mm,front,0.1316,0.00116,1e-05
bake_crate__2048_cage1mm,back,0.0689,0.00065,0.0
bake_crate__2048_cage1mm,top,0.1532,0.00119,0.0
bake_crate__2048_cage20mm_nolimit,three_quarter,0.1078,0.00114,0.0
bake_crate__2048_cage20mm_nolimit,closest,0.2623,0.00186,0.0
bake_crate__2048_cage20mm_nolimit,front,0.1316,0.00116,1e-05
bake_crate__2048_cage20mm_nolimit,back,0.0689,0.00065,0.0
bake_crate__2048_cage20mm_nolimit,top,0.1533,0.00119,0.0
bake_crate__2048_cage50mm,three_quarter,0.1078,0.00114,0.0
bake_crate__2048_cage50mm,closest,0.2623,0.00186,0.0
bake_crate__2048_cage50mm,front,0.1316,0.00116,1e-05
bake_crate__2048_cage50mm,back,0.0689,0.00065,0.0
bake_crate__2048_cage50mm,top,0.1533,0.00119,0.0
bake_crate__2048_cage5mm,three_quarter,0.1078,0.00114,0.0
bake_crate__2048_cage5mm,closest,0.2623,0.00186,0.0
bake_crate__2048_cage5mm,front,0.1316,0.00116,1e-05
bake_crate__2048_cage5mm,back,0.0689,0.00065,0.0
bake_crate__2048_cage5mm,top,0.1532,0.00119,0.0
bake_crate__2048_cpu,three_quarter,0.1078,0.00114,0.0
bake_crate__2048_cpu,closest,0.2622,0.00186,0.0
bake_crate__2048_cpu,front,0.1316,0.00116,1e-05
bake_crate__2048_cpu,back,0.069,0.00065,0.0
bake_crate__2048_cpu,top,0.1532,0.00119,0.0
bake_crate__2048_cpu_again,three_quarter,0.1078,0.00114,0.0
bake_crate__2048_cpu_again,closest,0.2622,0.00186,0.0
bake_crate__2048_cpu_again,front,0.1316,0.00116,1e-05
bake_crate__2048_cpu_again,back,0.069,0.00065,0.0
bake_crate__2048_cpu_again,top,0.1532,0.00119,0.0
bake_crate__2048_diffuse,three_quarter,0.3277,0.00117,0.0
bake_crate__2048_diffuse,closest,0.8201,0.00172,0.0
bake_crate__2048_diffuse,front,0.4086,0.00126,1e-05
bake_crate__2048_diffuse,back,0.271,0.00072,0.0
bake_crate__2048_diffuse,top,0.46,0.00125,0.0
bake_crate__2048_extend,three_quarter,0.1066,0.00114,0.0
bake_crate__2048_extend,closest,0.2597,0.00181,0.0
bake_crate__2048_extend,front,0.1309,0.00117,1e-05
bake_crate__2048_extend,back,0.0688,0.00064,0.0
bake_crate__2048_extend,top,0.1526,0.00118,0.0
bake_crate__2048_keeppack,three_quarter,0.1456,0.00158,3e-05
bake_crate__2048_keeppack,closest,0.3401,0.00232,7e-05
bake_crate__2048_keeppack,front,0.1704,0.00139,4e-05
bake_crate__2048_keeppack,back,0.1011,0.00106,2e-05
bake_crate__2048_keeppack,top,0.2107,0.00168,0.0001
bake_crate__2048_keeppack_m8,three_quarter,0.1209,0.00152,3e-05
bake_crate__2048_keeppack_m8,closest,0.2813,0.00224,7e-05
bake_crate__2048_keeppack_m8,front,0.1408,0.00135,4e-05
bake_crate__2048_keeppack_m8,back,0.0796,0.00105,2e-05
bake_crate__2048_keeppack_m8,top,0.173,0.00154,0.0001
bake_crate__2048_keepuv,three_quarter,0.1285,0.00156,3e-05
bake_crate__2048_keepuv,closest,0.2967,0.00241,6e-05
bake_crate__2048_keepuv,front,0.1467,0.00135,4e-05
bake_crate__2048_keepuv,back,0.0858,0.00113,1e-05
bake_crate__2048_keepuv,top,0.182,0.00158,9e-05
bake_crate__2048_margin0,three_quarter,0.1599,0.00416,0.00045
bake_crate__2048_margin0,closest,0.3727,0.00791,0.0007
bake_crate__2048_margin0,front,0.1924,0.00468,0.00064
bake_crate__2048_margin0,back,0.1036,0.00222,0.00014
bake_crate__2048_margin0,top,0.2255,0.00472,0.00082
bake_crate__2048_margin2,three_quarter,0.1104,0.00116,0.0
bake_crate__2048_margin2,closest,0.2702,0.00184,0.0
bake_crate__2048_margin2,front,0.1361,0.00116,1e-05
bake_crate__2048_margin2,back,0.0688,0.00064,0.0
bake_crate__2048_margin2,top,0.1581,0.00125,0.0
bake_crate__2048_margin32,three_quarter,0.1072,0.00114,0.0
bake_crate__2048_margin32,closest,0.2618,0.00187,0.0
bake_crate__2048_margin32,front,0.1314,0.00116,1e-05
bake_crate__2048_margin32,back,0.0677,0.00065,0.0
bake_crate__2048_margin32,top,0.1525,0.00117,0.0
bake_crate__2048_noweld,three_quarter,0.2393,0.00228,0.00012
bake_crate__2048_noweld,closest,0.6345,0.0039,0.00039
bake_crate__2048_noweld,front,0.3039,0.00207,0.00027
bake_crate__2048_noweld,back,0.1651,0.00119,1e-05
bake_crate__2048_noweld,top,0.3232,0.00288,0.0002
bake_crate__2048_png,three_quarter,0.0694,0.00113,0.0
bake_crate__2048_png,closest,0.1676,0.00183,0.0
bake_crate__2048_png,front,0.0862,0.00117,1e-05
bake_crate__2048_png,back,0.0362,0.00063,0.0
bake_crate__2048_png,top,0.0996,0.0011,0.0
bake_crate__2048_s16,three_quarter,0.108,0.00111,0.0
bake_crate__2048_s16,closest,0.2618,0.00181,0.0
bake_crate__2048_s16,front,0.1301,0.00091,0.0
bake_crate__2048_s16,back,0.0692,0.00069,0.0
bake_crate__2048_s16,top,0.1539,0.00121,0.0
bake_crate__2048_sharp30,three_quarter,0.1095,0.00135,0.0
bake_crate__2048_sharp30,closest,0.2635,0.00168,0.0
bake_crate__2048_sharp30,front,0.1305,0.00105,0.0
bake_crate__2048_sharp30,back,0.0705,0.00082,0.0
bake_crate__2048_sharp30,top,0.1528,0.00126,2e-05
bake_crate__2048_sharp60,three_quarter,0.3841,0.01524,0.00196
bake_crate__2048_sharp60,closest,1.0781,0.05023,0.00815
bake_crate__2048_sharp60,front,0.5458,0.02433,0.00492
bake_crate__2048_sharp60,back,0.1235,0.00208,0.00054
bake_crate__2048_sharp60,top,0.3909,0.01195,0.0006
bake_crate__2048_smart30,three_quarter,0.1091,0.00125,1e-05
bake_crate__2048_smart30,closest,0.2584,0.00174,2e-05
bake_crate__2048_smart30,front,0.1289,0.00103,0.0
bake_crate__2048_smart30,back,0.071,0.00072,0.0
bake_crate__2048_smart30,top,0.1524,0.00099,1e-05
bake_crate__2048_smart66_concave,three_quarter,0.1043,0.00111,0.0
bake_crate__2048_smart66_concave,closest,0.2495,0.00138,0.0
bake_crate__2048_smart66_concave,front,0.124,0.00098,0.0
bake_crate__2048_smart66_concave,back,0.0702,0.00063,0.0
bake_crate__2048_smart66_concave,top,0.1538,0.00117,0.0
bake_crate__2048_smartadd1,three_quarter,0.1092,0.00113,0.0
bake_crate__2048_smartadd1,closest,0.267,0.00179,1e-05
bake_crate__2048_smartadd1,front,0.131,0.00077,0.0
bake_crate__2048_smartadd1,back,0.0679,0.00054,0.0
bake_crate__2048_smartadd1,top,0.155,0.00121,0.0
bake_crate__4096,three_quarter,0.0874,0.00106,0.0
bake_crate__4096,closest,0.2014,0.00108,0.0
bake_crate__4096,front,0.1034,0.00083,0.0
bake_crate__4096,back,0.0547,0.00065,0.0
bake_crate__4096,top,0.1221,0.00085,0.0
bake_crate__4096_cpu,three_quarter,0.0874,0.00106,0.0
bake_crate__4096_cpu,closest,0.2014,0.00108,0.0
bake_crate__4096_cpu,front,0.1034,0.00083,0.0
bake_crate__4096_cpu,back,0.0547,0.00065,0.0
bake_crate__4096_cpu,top,0.1221,0.00085,0.0
bake_crate__4096_keeppack,three_quarter,0.1049,0.00134,3e-05
bake_crate__4096_keeppack,closest,0.2338,0.00158,3e-05
bake_crate__4096_keeppack,front,0.1211,0.00121,1e-05
bake_crate__4096_keeppack,back,0.0694,0.00105,2e-05
bake_crate__4096_keeppack,top,0.1483,0.00121,9e-05
bake_crate__5k_1024,three_quarter,0.1373,0.00159,0.0
bake_crate__5k_1024,closest,0.3502,0.00278,0.0
bake_crate__5k_1024,front,0.1653,0.00082,0.0
bake_crate__5k_1024,back,0.091,0.00042,0.0
bake_crate__5k_1024,top,0.1963,0.00163,0.0
bake_crate__5k_2048,three_quarter,0.1107,0.00148,0.0
bake_crate__5k_2048,closest,0.2653,0.00228,0.0
bake_crate__5k_2048,front,0.1283,0.0008,0.0
bake_crate__5k_2048,back,0.0727,0.00054,1e-05
bake_crate__5k_2048,top,0.1528,0.00092,0.0
bake_crate__5k_2048_keeppack,three_quarter,0.1466,0.00163,1e-05
bake_crate__5k_2048_keeppack,closest,0.3651,0.00438,4e-05
bake_crate__5k_2048_keeppack,front,0.1827,0.00201,0.00014
bake_crate__5k_2048_keeppack,back,0.1196,0.0014,0.00019
bake_crate__5k_2048_keeppack,top,0.206,0.0014,1e-05
bake_orb__1024,three_quarter,0.4777,0.01771,0.00422
bake_orb__1024,closest,0.8032,0.02909,0.00765
bake_orb__1024,front,0.6559,0.02412,0.00602
bake_orb__1024,back,0.308,0.011,0.00177
bake_orb__1024,top,0.543,0.01914,0.00517
bake_orb__1024_keeppack,three_quarter,0.3227,0.01219,0.002
bake_orb__1024_keeppack,closest,0.5721,0.02157,0.0042
bake_orb__1024_keeppack,front,0.4578,0.01758,0.00307
bake_orb__1024_keeppack,back,0.2214,0.00729,0.00073
bake_orb__1024_keeppack,top,0.3614,0.01336,0.00228
bake_orb__2048,three_quarter,0.367,0.01374,0.00293
bake_orb__2048,closest,0.5774,0.02178,0.00469
bake_orb__2048,front,0.4733,0.01821,0.00367
bake_orb__2048,back,0.2252,0.00798,0.00107
bake_orb__2048,top,0.4091,0.01492,0.00345
bake_orb__2048_again,three_quarter,0.367,0.01374,0.00293
bake_orb__2048_again,closest,0.5774,0.02178,0.00469
bake_orb__2048_again,front,0.4733,0.01821,0.00367
bake_orb__2048_again,back,0.2252,0.00798,0.00107
bake_orb__2048_again,top,0.4091,0.01492,0.00345
bake_orb__2048_autocage,three_quarter,0.3365,0.01277,0.00243
bake_orb__2048_autocage,closest,0.5413,0.02076,0.00402
bake_orb__2048_autocage,front,0.4397,0.01723,0.00305
bake_orb__2048_autocage,back,0.2064,0.00739,0.00081
bake_orb__2048_autocage,top,0.3547,0.01351,0.00257
bake_orb__2048_cage0,three_quarter,1.7808,0.05641,0.02862
bake_orb__2048_cage0,closest,2.9684,0.08621,0.05185
bake_orb__2048_cage0,front,2.4206,0.07232,0.04114
bake_orb__2048_cage0,back,1.3267,0.05803,0.01408
bake_orb__2048_cage0,top,2.521,0.06864,0.04611
bake_orb__2048_cage1mm,three_quarter,0.3423,0.01289,0.00255
bake_orb__2048_cage1mm,closest,0.5595,0.02108,0.0044
bake_orb__2048_cage1mm,front,0.453,0.01753,0.00332
bake_orb__2048_cage1mm,back,0.2119,0.00757,0.00089
bake_orb__2048_cage1mm,top,0.3625,0.01371,0.00268
bake_orb__2048_cage20mm_nolimit,three_quarter,0.367,0.01374,0.00293
bake_orb__2048_cage20mm_nolimit,closest,0.5773,0.02178,0.00468
bake_orb__2048_cage20mm_nolimit,front,0.4734,0.01821,0.00368
bake_orb__2048_cage20mm_nolimit,back,0.2254,0.00799,0.00107
bake_orb__2048_cage20mm_nolimit,top,0.4093,0.01492,0.00345
bake_orb__2048_cage50mm,three_quarter,0.4341,0.01555,0.00397
bake_orb__2048_cage50mm,closest,0.6653,0.02372,0.00593
bake_orb__2048_cage50mm,front,0.5511,0.02006,0.00477
bake_orb__2048_cage50mm,back,0.2668,0.00913,0.00169
bake_orb__2048_cage50mm,top,0.4986,0.01738,0.005
bake_orb__2048_cage5mm,three_quarter,0.3361,0.01275,0.00243
bake_orb__2048_cage5mm,closest,0.5409,0.02075,0.00402
bake_orb__2048_cage5mm,front,0.4392,0.01722,0.00304
bake_orb__2048_cage5mm,back,0.2061,0.00737,0.0008
bake_orb__2048_cage5mm,top,0.3538,0.01348,0.00255
bake_orb__2048_cpu,three_quarter,0.367,0.01374,0.00293
bake_orb__2048_cpu,closest,0.5774,0.02176,0.00468
bake_orb__2048_cpu,front,0.4733,0.0182,0.00367
bake_orb__2048_cpu,back,0.2252,0.00797,0.00107
bake_orb__2048_cpu,top,0.4092,0.01493,0.00345
bake_orb__2048_cpu_again,three_quarter,0.367,0.01374,0.00293
bake_orb__2048_cpu_again,closest,0.5774,0.02176,0.00468
bake_orb__2048_cpu_again,front,0.4733,0.0182,0.00367
bake_orb__2048_cpu_again,back,0.2252,0.00797,0.00107
bake_orb__2048_cpu_again,top,0.4092,0.01493,0.00345
bake_orb__2048_diffuse,three_quarter,0.4385,0.0143,0.00289
bake_orb__2048_diffuse,closest,0.6644,0.02269,0.00466
bake_orb__2048_diffuse,front,0.5546,0.01899,0.00366
bake_orb__2048_diffuse,back,0.3221,0.00826,0.00103
bake_orb__2048_diffuse,top,0.4978,0.01552,0.00341
bake_orb__2048_extend,three_quarter,0.3675,0.01358,0.00297
bake_orb__2048_extend,closest,0.5795,0.02149,0.00475
bake_orb__2048_extend,front,0.4744,0.01797,0.00372
bake_orb__2048_extend,back,0.2258,0.00799,0.00108
bake_orb__2048_extend,top,0.4107,0.01472,0.00347
bake_orb__2048_keeppack,three_quarter,0.2664,0.01015,0.00152
bake_orb__2048_keeppack,closest,0.4449,0.01677,0.00279
bake_orb__2048_keeppack,front,0.3587,0.0139,0.00205
bake_orb__2048_keeppack,back,0.1768,0.00594,0.00055
bake_orb__2048_keeppack,top,0.2909,0.01079,0.00163
bake_orb__2048_keeppack_m8,three_quarter,0.2568,0.00999,0.0015
bake_orb__2048_keeppack_m8,closest,0.4344,0.01665,0.00277
bake_orb__2048_keeppack_m8,front,0.3489,0.01377,0.00203
bake_orb__2048_keeppack_m8,back,0.1642,0.00579,0.00054
bake_orb__2048_keeppack_m8,top,0.277,0.01062,0.00161
bake_orb__2048_keepuv,three_quarter,0.3028,0.01145,0.00217
bake_orb__2048_keepuv,closest,0.4961,0.01864,0.00362
bake_orb__2048_keepuv,front,0.4031,0.0155,0.00282
bake_orb__2048_keepuv,back,0.1932,0.00668,0.00085
bake_orb__2048_keepuv,top,0.349,0.01261,0.00267
bake_orb__2048_margin0,three_quarter,0.5291,0.02306,0.00561
bake_orb__2048_margin0,closest,0.8143,0.0354,0.00874
bake_orb__2048_margin0,front,0.6875,0.03071,0.00721
bake_orb__2048_margin0,back,0.434,0.02174,0.00337
bake_orb__2048_margin0,top,0.6141,0.02636,0.00722
bake_orb__2048_margin2,three_quarter,0.373,0.01384,0.00295
bake_orb__2048_margin2,closest,0.5848,0.02193,0.0047
bake_orb__2048_margin2,front,0.4805,0.0183,0.0037
bake_orb__2048_margin2,back,0.2345,0.0081,0.00108
bake_orb__2048_margin2,top,0.4184,0.01507,0.00348
bake_orb__2048_margin32,three_quarter,0.3649,0.01367,0.00292
bake_orb__2048_margin32,closest,0.575,0.02177,0.00468
bake_orb__2048_margin32,front,0.4709,0.01815,0.00367
bake_orb__2048_margin32,back,0.2209,0.00792,0.00106
bake_orb__2048_margin32,top,0.405,0.01484,0.00342
bake_orb__2048_noweld,three_quarter,0.367,0.01374,0.00293
bake_orb__2048_noweld,closest,0.5774,0.02178,0.00469
bake_orb__2048_noweld,front,0.4733,0.01821,0.00367
bake_orb__2048_noweld,back,0.2252,0.00798,0.00107
bake_orb__2048_noweld,top,0.4091,0.01492,0.00345
bake_orb__2048_png,three_quarter,0.3451,0.01303,0.00288
bake_orb__2048_png,closest,0.5452,0.02039,0.0046
bake_orb__2048_png,front,0.4466,0.01714,0.00361
bake_orb__2048_png,back,0.203,0.00769,0.00105
bake_orb__2048_png,top,0.3865,0.01415,0.00342
bake_orb__2048_s16,three_quarter,0.3672,0.01383,0.00292
bake_orb__2048_s16,closest,0.5803,0.02205,0.00468
bake_orb__2048_s16,front,0.4755,0.01831,0.00368
bake_orb__2048_s16,back,0.2261,0.00801,0.00108
bake_orb__2048_s16,top,0.4106,0.01507,0.00346
bake_orb__2048_sharp30,three_quarter,0.3952,0.01471,0.00333
bake_orb__2048_sharp30,closest,0.6265,0.02291,0.00553
bake_orb__2048_sharp30,front,0.5126,0.01919,0.00424
bake_orb__2048_sharp30,back,0.2498,0.00879,0.00134
bake_orb__2048_sharp30,top,0.4635,0.01641,0.00435
bake_orb__2048_sharp60,three_quarter,1.1801,0.05059,0.01031
bake_orb__2048_sharp60,closest,1.6365,0.06228,0.01689
bake_orb__2048_sharp60,front,1.4132,0.05471,0.01404
bake_orb__2048_sharp60,back,1.1427,0.04611,0.01117
bake_orb__2048_sharp60,top,1.4342,0.06302,0.0107
bake_orb__2048_smart30,three_quarter,0.5052,0.01792,0.00468
bake_orb__2048_smart30,closest,0.9223,0.03127,0.00932
bake_orb__2048_smart30,front,0.7464,0.02598,0.00728
bake_orb__2048_smart30,back,0.3562,0.01247,0.00242
bake_orb__2048_smart30,top,0.5936,0.01973,0.00587
bake_orb__2048_smart66_concave,three_quarter,0.3642,0.01365,0.00293
bake_orb__2048_smart66_concave,closest,0.5673,0.02148,0.00454
bake_orb__2048_smart66_concave,front,0.467,0.018,0.00361
bake_orb__2048_smart66_concave,back,0.2252,0.00796,0.00109
bake_orb__2048_smart66_concave,top,0.4062,0.01479,0.00341
bake_orb__2048_smartadd1,three_quarter,0.2956,0.01085,0.00208
bake_orb__2048_smartadd1,closest,0.4354,0.01627,0.00282
bake_orb__2048_smartadd1,front,0.3576,0.01367,0.00219
bake_orb__2048_smartadd1,back,0.1789,0.00601,0.00071
bake_orb__2048_smartadd1,top,0.3001,0.01108,0.00191
bake_orb__4096,three_quarter,0.3222,0.01171,0.00256
bake_orb__4096,closest,0.4691,0.0174,0.00347
bake_orb__4096,front,0.39,0.01471,0.00285
bake_orb__4096,back,0.1887,0.00653,0.00094
bake_orb__4096,top,0.3486,0.01241,0.0028
bake_orb__4096_cpu,three_quarter,0.3221,0.0117,0.00256
bake_orb__4096_cpu,closest,0.4691,0.01742,0.00347
bake_orb__4096_cpu,front,0.39,0.01472,0.00285
bake_orb__4096_cpu,back,0.1886,0.00653,0.00094
bake_orb__4096_cpu,top,0.3486,0.01241,0.0028
bake_orb__4096_keeppack,three_quarter,0.2483,0.0095,0.00152
bake_orb__4096_keeppack,closest,0.4043,0.01514,0.0026
bake_orb__4096_keeppack,front,0.3263,0.01256,0.00195
bake_orb__4096_keeppack,back,0.1561,0.00559,0.00054
bake_orb__4096_keeppack,top,0.2657,0.01,0.00159
bake_orb__5k_1024,three_quarter,0.8205,0.02836,0.00946
bake_orb__5k_1024,closest,1.4555,0.04657,0.01735
bake_orb__5k_1024,front,1.1955,0.03851,0.01465
bake_orb__5k_1024,back,0.6273,0.02288,0.00691
bake_orb__5k_1024,top,0.9939,0.03176,0.01158
bake_orb__5k_2048,three_quarter,0.8036,0.02739,0.00937
bake_orb__5k_2048,closest,1.4581,0.04537,0.01747
bake_orb__5k_2048,front,1.1991,0.03752,0.01481
bake_orb__5k_2048,back,0.6276,0.0226,0.00726
bake_orb__5k_2048,top,0.9902,0.03099,0.01164
bake_orb__5k_2048_keeppack,three_quarter,0.8145,0.02734,0.00945
bake_orb__5k_2048_keeppack,closest,1.4774,0.04538,0.01753
bake_orb__5k_2048_keeppack,front,1.2188,0.03766,0.01492
bake_orb__5k_2048_keeppack,back,0.6387,0.0227,0.00734
bake_orb__5k_2048_keeppack,top,1.0044,0.03095,0.01172
chain_crate_unturned,three_quarter,0.1213,0.00155,1e-05
chain_crate_unturned,closest,0.2852,0.0022,8e-05
chain_crate_unturned,front,0.1423,0.00138,3e-05
chain_crate_unturned,back,0.0799,0.001,4e-05
chain_crate_unturned,top,0.1737,0.00148,1e-05
chain_orb_unturned,three_quarter,0.2561,0.00992,0.0015
chain_orb_unturned,closest,0.4332,0.01663,0.00274
chain_orb_unturned,front,0.3474,0.01368,0.00202
chain_orb_unturned,back,0.164,0.00575,0.00053
chain_orb_unturned,top,0.2761,0.01055,0.00161
dense_crate_again,three_quarter,0.0,0.0,0.0
dense_crate_again,closest,0.0,0.0,0.0
dense_crate_again,front,0.0,0.0,0.0
dense_crate_again,back,0.0,0.0,0.0
dense_crate_again,top,0.0,0.0,0.0
red_crate__collapse20k_clear30,three_quarter,0.1295,0.00169,0.0
red_crate__collapse20k_clear30,closest,0.283,0.00341,0.0
red_crate__collapse20k_clear30,front,0.1536,0.00178,1e-05
red_crate__collapse20k_clear30,back,0.0576,0.00073,0.0
red_crate__collapse20k_clear30,top,0.1902,0.0026,0.0
red_crate__collapse20k_r1,three_quarter,0.149,0.00368,0.0001
red_crate__collapse20k_r1,closest,0.3383,0.00746,0.00052
red_crate__collapse20k_r1,front,0.1798,0.00407,0.0005
red_crate__collapse20k_r1,back,0.0771,0.00163,0.00016
red_crate__collapse20k_r1,top,0.1964,0.00403,6e-05
red_crate__collapse20k_seams0.1,three_quarter,0.3329,0.013,0.00142
red_crate__collapse20k_seams0.1,closest,1.0046,0.03557,0.00637
red_crate__collapse20k_seams0.1,front,0.5367,0.01988,0.00413
red_crate__collapse20k_seams0.1,back,0.2676,0.00779,0.00225
red_crate__collapse20k_seams0.1,top,0.5111,0.01953,0.00229
red_crate__collapse20k_seams10,three_quarter,0.2264,0.0077,0.00017
red_crate__collapse20k_seams10,closest,0.7928,0.02778,0.00339
red_crate__collapse20k_seams10,front,0.4055,0.01404,0.00179
red_crate__collapse20k_seams10,back,0.1732,0.00455,0.00051
red_crate__collapse20k_seams10,top,0.29,0.00734,0.0003
red_crate__collapse20k_steps6,three_quarter,0.1451,0.00264,6e-05
red_crate__collapse20k_steps6,closest,0.3622,0.00621,0.0004
red_crate__collapse20k_steps6,front,0.1721,0.00243,0.00023
red_crate__collapse20k_steps6,back,0.0899,0.00123,0.00015
red_crate__collapse20k_steps6,top,0.22,0.00426,4e-05
red_crate__collapse5k_r1,three_quarter,0.1813,0.00421,9e-05
red_crate__collapse5k_r1,closest,0.4139,0.0094,8e-05
red_crate__collapse5k_r1,front,0.2043,0.00358,0.00024
red_crate__collapse5k_r1,back,0.1044,0.00139,0.00032
red_crate__collapse5k_r1,top,0.2393,0.00397,2e-05
red_crate__planar1_uv,three_quarter,0.7262,0.03142,0.00168
red_crate__planar1_uv,closest,1.7201,0.0753,0.00695
red_crate__planar1_uv,front,0.8175,0.03157,0.00556
red_crate__planar1_uv,back,0.2347,0.0072,0.0025
red_crate__planar1_uv,top,0.6533,0.02888,0.00129
red_crate__planar5_uv,three_quarter,0.9379,0.04542,0.00194
red_crate__planar5_uv,closest,3.0504,0.14098,0.02033
red_crate__planar5_uv,front,1.4769,0.06268,0.01325
red_crate__planar5_uv,back,0.2941,0.00838,0.00362
red_crate__planar5_uv,top,1.0501,0.04832,0.00213
red_crate__unsubdiv2,three_quarter,0.1523,0.00383,0.00018
red_crate__unsubdiv2,closest,0.3355,0.00726,0.00051
red_crate__unsubdiv2,front,0.1788,0.00396,0.00055
red_crate__unsubdiv2,back,0.0775,0.00165,0.00016
red_crate__unsubdiv2,top,0.2004,0.00423,0.00019
red_crate__voxel4mm,three_quarter,1.1473,0.05957,0.01784
red_crate__voxel4mm,closest,2.7146,0.12794,0.05354
red_crate__voxel4mm,front,1.3696,0.06251,0.02785
red_crate__voxel4mm,back,0.8124,0.04933,0.00391
red_crate__voxel4mm,top,1.627,0.07322,0.03621
red_orb__collapse20k_clear30,three_quarter,0.4704,0.01698,0.00331
red_orb__collapse20k_clear30,closest,0.8424,0.02928,0.00686
red_orb__collapse20k_clear30,front,0.6834,0.02429,0.00535
red_orb__collapse20k_clear30,back,0.2934,0.01135,0.00133
red_orb__collapse20k_clear30,top,0.5237,0.0183,0.00371
red_orb__collapse20k_r1,three_quarter,0.5732,0.02218,0.00426
red_orb__collapse20k_r1,closest,1.0022,0.03855,0.00777
red_orb__collapse20k_r1,front,0.808,0.03157,0.00606
red_orb__collapse20k_r1,back,0.3556,0.01341,0.00218
red_orb__collapse20k_r1,top,0.6031,0.02259,0.00429
red_orb__collapse20k_seams0.1,three_quarter,0.718,0.02675,0.00612
red_orb__collapse20k_seams0.1,closest,1.2097,0.04412,0.01091
red_orb__collapse20k_seams0.1,front,0.9652,0.03512,0.00848
red_orb__collapse20k_seams0.1,back,0.4429,0.01691,0.00336
red_orb__collapse20k_seams0.1,top,0.79,0.02957,0.00664
red_orb__collapse5k_r1,three_quarter,1.1645,0.04183,0.01197
red_orb__collapse5k_r1,closest,1.9649,0.06576,0.02132
red_orb__collapse5k_r1,front,1.5845,0.05315,0.01758
red_orb__collapse5k_r1,back,0.8921,0.0297,0.01053
red_orb__collapse5k_r1,top,1.3081,0.04505,0.01311
red_orb__planar5_uv,three_quarter,0.651,0.02607,0.00486
red_orb__planar5_uv,closest,1.0727,0.04227,0.00814
red_orb__planar5_uv,front,0.8774,0.03508,0.00655
red_orb__planar5_uv,back,0.391,0.0155,0.00219
red_orb__planar5_uv,top,0.6789,0.02619,0.00477
red_orb__unsubdiv2,three_quarter,0.5829,0.02245,0.00447
red_orb__unsubdiv2,closest,1.0058,0.03878,0.00788
red_orb__unsubdiv2,front,0.8145,0.03185,0.00621
red_orb__unsubdiv2,back,0.3543,0.0133,0.00216
red_orb__unsubdiv2,top,0.6158,0.02295,0.00456
red_orb__voxel4mm,three_quarter,1.6777,0.05403,0.02161
red_orb__voxel4mm,closest,2.9124,0.08152,0.03992
red_orb__voxel4mm,front,2.3681,0.07048,0.03239
red_orb__voxel4mm,back,1.6593,0.06087,0.02075
red_orb__voxel4mm,top,1.7146,0.05453,0.02009
tripo_crate_p1_tri_req20000__raw_bake_autocage,three_quarter,1.4544,0.05398,0.02303
tripo_crate_p1_tri_req20000__raw_bake_autocage,closest,1.9956,0.08533,0.02549
tripo_crate_p1_tri_req20000__raw_bake_autocage,front,1.7399,0.06203,0.03495
tripo_crate_p1_tri_req20000__raw_bake_autocage,back,2.4983,0.0653,0.04655
tripo_crate_p1_tri_req20000__raw_bake_autocage,top,1.1137,0.03848,0.01943
tripo_crate_p1_tri_req20000__raw_bake_cage30mm,three_quarter,1.4544,0.05398,0.02303
tripo_crate_p1_tri_req20000__raw_bake_cage30mm,closest,1.9956,0.08532,0.02549
tripo_crate_p1_tri_req20000__raw_bake_cage30mm,front,1.7399,0.06203,0.03495
tripo_crate_p1_tri_req20000__raw_bake_cage30mm,back,2.7184,0.07352,0.05426
tripo_crate_p1_tri_req20000__raw_bake_cage30mm,top,1.1136,0.03851,0.01944
tripo_crate_p1_tri_req20000__repaired_bake_autocage,three_quarter,1.4237,0.05132,0.02281
tripo_crate_p1_tri_req20000__repaired_bake_autocage,closest,1.5189,0.06109,0.01654
tripo_crate_p1_tri_req20000__repaired_bake_autocage,front,1.5495,0.05069,0.03132
tripo_crate_p1_tri_req20000__repaired_bake_autocage,back,2.5081,0.06523,0.04672
tripo_crate_p1_tri_req20000__repaired_bake_autocage,top,1.1123,0.03849,0.01947
tripo_crate_p1_tri_req20000__repaired_bake_autocage_sharp30,three_quarter,1.5821,0.05771,0.026
tripo_crate_p1_tri_req20000__repaired_bake_autocage_sharp30,closest,1.8807,0.07658,0.02331
tripo_crate_p1_tri_req20000__repaired_bake_autocage_sharp30,front,1.6106,0.05265,0.03318
tripo_crate_p1_tri_req20000__repaired_bake_autocage_sharp30,back,2.557,0.06555,0.04877
tripo_crate_p1_tri_req20000__repaired_bake_autocage_sharp30,top,1.0815,0.03825,0.01754
tripo_crate_p1_tri_req20000__repaired_bake_cage30mm,three_quarter,1.4238,0.05131,0.02281
tripo_crate_p1_tri_req20000__repaired_bake_cage30mm,closest,1.5183,0.06109,0.01654
tripo_crate_p1_tri_req20000__repaired_bake_cage30mm,front,1.5493,0.05069,0.0314
tripo_crate_p1_tri_req20000__repaired_bake_cage30mm,back,2.7269,0.07341,0.05429
tripo_crate_p1_tri_req20000__repaired_bake_cage30mm,top,1.1124,0.03849,0.01945
tripo_crate_p2_tri_req20000__raw_bake_autocage,three_quarter,1.5107,0.05386,0.02493
tripo_crate_p2_tri_req20000__raw_bake_autocage,closest,1.4436,0.05557,0.01567
tripo_crate_p2_tri_req20000__raw_bake_autocage,front,1.4107,0.04405,0.02945
tripo_crate_p2_tri_req20000__raw_bake_autocage,back,2.3875,0.0607,0.0439
tripo_crate_p2_tri_req20000__raw_bake_autocage,top,0.8992,0.0319,0.01374
tripo_crate_p2_tri_req20000__raw_bake_cage30mm,three_quarter,1.5107,0.05386,0.02492
tripo_crate_p2_tri_req20000__raw_bake_cage30mm,closest,1.4435,0.05559,0.01567
tripo_crate_p2_tri_req20000__raw_bake_cage30mm,front,1.4106,0.04405,0.02947
tripo_crate_p2_tri_req20000__raw_bake_cage30mm,back,2.3887,0.06074,0.04394
tripo_crate_p2_tri_req20000__raw_bake_cage30mm,top,0.8992,0.0319,0.01374
tripo_crate_p2_tri_req20000__repaired_bake_autocage,three_quarter,1.5071,0.05368,0.02483
tripo_crate_p2_tri_req20000__repaired_bake_autocage,closest,1.4612,0.05587,0.01621
tripo_crate_p2_tri_req20000__repaired_bake_autocage,front,1.417,0.04448,0.02963
tripo_crate_p2_tri_req20000__repaired_bake_autocage,back,2.38,0.06051,0.04362
tripo_crate_p2_tri_req20000__repaired_bake_autocage,top,0.888,0.03157,0.01364
tripo_crate_p2_tri_req20000__repaired_bake_autocage_sharp30,three_quarter,1.5267,0.05458,0.02522
tripo_crate_p2_tri_req20000__repaired_bake_autocage_sharp30,closest,1.5376,0.06102,0.01731
tripo_crate_p2_tri_req20000__repaired_bake_autocage_sharp30,front,1.4246,0.04412,0.02992
tripo_crate_p2_tri_req20000__repaired_bake_autocage_sharp30,back,2.4072,0.06092,0.04449
tripo_crate_p2_tri_req20000__repaired_bake_autocage_sharp30,top,0.8507,0.0301,0.01307
tripo_crate_p2_tri_req20000__repaired_bake_cage30mm,three_quarter,1.5071,0.05368,0.02483
tripo_crate_p2_tri_req20000__repaired_bake_cage30mm,closest,1.4612,0.05587,0.01621
tripo_crate_p2_tri_req20000__repaired_bake_cage30mm,front,1.417,0.04448,0.02963
tripo_crate_p2_tri_req20000__repaired_bake_cage30mm,back,2.38,0.06051,0.04362
tripo_crate_p2_tri_req20000__repaired_bake_cage30mm,top,0.888,0.03157,0.01364
tripo_orb_p1_tri_req20000__raw_bake_autocage,three_quarter,3.5032,0.09802,0.05901
tripo_orb_p1_tri_req20000__raw_bake_autocage,closest,3.977,0.11017,0.05968
tripo_orb_p1_tri_req20000__raw_bake_autocage,front,2.9899,0.08935,0.04936
tripo_orb_p1_tri_req20000__raw_bake_autocage,back,3.0029,0.10031,0.05857
tripo_orb_p1_tri_req20000__raw_bake_autocage,top,4.6068,0.10895,0.07547
tripo_orb_p1_tri_req20000__raw_bake_cage30mm,three_quarter,5.3608,0.10858,0.08122
tripo_orb_p1_tri_req20000__raw_bake_cage30mm,closest,8.1816,0.12997,0.1011
tripo_orb_p1_tri_req20000__raw_bake_cage30mm,front,6.3672,0.10671,0.08426
tripo_orb_p1_tri_req20000__raw_bake_cage30mm,back,5.1145,0.12641,0.09235
tripo_orb_p1_tri_req20000__raw_bake_cage30mm,top,7.574,0.12356,0.10434
tripo_orb_p1_tri_req20000__repaired_bake_autocage,three_quarter,3.5189,0.09807,0.05919
tripo_orb_p1_tri_req20000__repaired_bake_autocage,closest,4.0261,0.11013,0.06033
tripo_orb_p1_tri_req20000__repaired_bake_autocage,front,3.0073,0.08917,0.04973
tripo_orb_p1_tri_req20000__repaired_bake_autocage,back,2.993,0.1003,0.05848
tripo_orb_p1_tri_req20000__repaired_bake_autocage,top,4.5999,0.10886,0.07534
tripo_orb_p1_tri_req20000__repaired_bake_autocage_sharp30,three_quarter,3.5496,0.09746,0.05962
tripo_orb_p1_tri_req20000__repaired_bake_autocage_sharp30,closest,4.2825,0.10982,0.063
tripo_orb_p1_tri_req20000__repaired_bake_autocage_sharp30,front,3.2437,0.08986,0.05224
tripo_orb_p1_tri_req20000__repaired_bake_autocage_sharp30,back,3.115,0.10045,0.05941
tripo_orb_p1_tri_req20000__repaired_bake_autocage_sharp30,top,4.5784,0.10848,0.07493
tripo_orb_p1_tri_req20000__repaired_bake_cage30mm,three_quarter,5.4198,0.10878,0.0818
tripo_orb_p1_tri_req20000__repaired_bake_cage30mm,closest,8.4764,0.13089,0.10368
tripo_orb_p1_tri_req20000__repaired_bake_cage30mm,front,6.5413,0.10715,0.0858
tripo_orb_p1_tri_req20000__repaired_bake_cage30mm,back,5.0972,0.12634,0.09211
tripo_orb_p1_tri_req20000__repaired_bake_cage30mm,top,7.5552,0.12344,0.10421
tripo_orb_p2_tri_req20000__raw_bake_autocage,three_quarter,3.2148,0.09183,0.05434
tripo_orb_p2_tri_req20000__raw_bake_autocage,closest,4.0038,0.1103,0.06554
tripo_orb_p2_tri_req20000__raw_bake_autocage,front,3.1919,0.09098,0.05398
tripo_orb_p2_tri_req20000__raw_bake_autocage,back,2.8104,0.09707,0.05496
tripo_orb_p2_tri_req20000__raw_bake_autocage,top,4.7045,0.11491,0.07848
tripo_orb_p2_tri_req20000__raw_bake_cage30mm,three_quarter,4.7412,0.0999,0.07318
tripo_orb_p2_tri_req20000__raw_bake_cage30mm,closest,6.3354,0.12231,0.09163
tripo_orb_p2_tri_req20000__raw_bake_cage30mm,front,5.2607,0.10378,0.07796
tripo_orb_p2_tri_req20000__raw_bake_cage30mm,back,4.7526,0.11623,0.08452
tripo_orb_p2_tri_req20000__raw_bake_cage30mm,top,7.8127,0.12719,0.10548
tripo_orb_p2_tri_req20000__repaired_bake_autocage,three_quarter,3.2187,0.09197,0.05436
tripo_orb_p2_tri_req20000__repaired_bake_autocage,closest,4.0182,0.11079,0.06577
tripo_orb_p2_tri_req20000__repaired_bake_autocage,front,3.1954,0.09116,0.05399
tripo_orb_p2_tri_req20000__repaired_bake_autocage,back,2.7993,0.09713,0.05478
tripo_orb_p2_tri_req20000__repaired_bake_autocage,top,4.6989,0.1149,0.07843
tripo_orb_p2_tri_req20000__repaired_bake_autocage_sharp30,three_quarter,3.285,0.0924,0.05567
tripo_orb_p2_tri_req20000__repaired_bake_autocage_sharp30,closest,4.1806,0.1109,0.06752
tripo_orb_p2_tri_req20000__repaired_bake_autocage_sharp30,front,3.2749,0.09146,0.0549
tripo_orb_p2_tri_req20000__repaired_bake_autocage_sharp30,back,2.9405,0.09741,0.05612
tripo_orb_p2_tri_req20000__repaired_bake_autocage_sharp30,top,4.7536,0.11505,0.07898
tripo_orb_p2_tri_req20000__repaired_bake_cage30mm,three_quarter,4.7298,0.09991,0.07311
tripo_orb_p2_tri_req20000__repaired_bake_cage30mm,closest,6.2899,0.12216,0.09114
tripo_orb_p2_tri_req20000__repaired_bake_cage30mm,front,5.2234,0.10372,0.07756
tripo_orb_p2_tri_req20000__repaired_bake_cage30mm,back,4.7501,0.11637,0.08443
tripo_orb_p2_tri_req20000__repaired_bake_cage30mm,top,7.8392,0.12727,0.10585
