subject,variant,seconds,peak_rss_mb,exit,signal,least_available_mb,started,triangles,passes,extra_passes,reduce_seconds,open_edges,non_manifold_edges,flipped_edges,degenerate_faces,wire_edges,pieces,custom_normals_kept,uv_layers,intermediate,bytes,vertices_stored,backward_normal_corners,share_holding_99pc_area,share_under_100th_mean,surface_area,sha256,uv_islands,uv_seam_share,uv_coverage,texel_px_per_m,texel_p05,texel_p95,validator_errors,to_dense_p95_mm,to_dense_largest_mm,dense_to_it_p95_mm,dense_to_it_largest_mm
crate,collapse20k_clear30,26.51,2329.4,0,,16046,2026-10-08 16:30:00,20000,1,0,22.36,0,0,0,4,1,1,True,1,{},6181568,15597,0,0.8427,0.026,6.5236,7cf9d0391fa2da324686cd526f76eef70a667b96c0ad935559f3c22f404678eb,250,0.1088,0.5599,1470.8,872.3,1733.8,0,,,,
crate,collapse20k_nomerge,25.9,2326.3,0,,15919,2026-10-08 16:29:34,20000,1,0,21.59,16172,0,0,4,128,8,True,1,{},6681508,31220,73,0.6879,0.0398,6.5169,779b847a9b56e0145299fd605ef0cd2b00e2b7707b45837d34f28f19039ce746,174,0.0239,0.6274,1557.4,1309.5,1746.8,0,,,,
crate,collapse20k_r1,36.6,2348.7,0,,15736,2026-10-08 16:23:52,20000,1,0,20.39,0,0,0,4,1,1,True,1,{},6425120,23208,82,0.8427,0.026,6.5236,7b98d6b3026dbdc2f6f0a6a2019497d301f6b0e9f5a9317394df23474a2e485a,250,0.1088,0.5599,1470.8,872.3,1733.8,0,0.042,0.189,0.034,0.144
crate,collapse20k_r2,25.9,2327.1,0,,15872,2026-10-08 16:24:43,20000,1,0,21.59,0,0,0,4,1,1,True,1,{},6425120,23208,82,0.8427,0.026,6.5236,7b98d6b3026dbdc2f6f0a6a2019497d301f6b0e9f5a9317394df23474a2e485a,250,0.1088,0.5599,1470.8,872.3,1733.8,0,,,,
crate,collapse20k_r3,26.23,2319.2,0,,15880,2026-10-08 16:25:09,20000,1,0,21.68,0,0,0,4,1,1,True,1,{},6425120,23208,82,0.8427,0.026,6.5236,7b98d6b3026dbdc2f6f0a6a2019497d301f6b0e9f5a9317394df23474a2e485a,250,0.1088,0.5599,1470.8,872.3,1733.8,0,,,,
crate,collapse20k_r4,27.24,2431.2,0,,12491,2026-10-08 17:11:34,20000,1,0,22.8,0,0,0,4,1,1,True,1,{},6425120,23208,82,0.8427,0.026,6.5236,7b98d6b3026dbdc2f6f0a6a2019497d301f6b0e9f5a9317394df23474a2e485a,250,0.1088,0.5599,1470.8,872.3,1733.8,0,,,,
crate,collapse20k_r5,27.45,2440.9,0,,9936,2026-10-08 17:12:02,20000,1,0,23.01,0,0,0,4,1,1,True,1,{},6425120,23208,82,0.8427,0.026,6.5236,7b98d6b3026dbdc2f6f0a6a2019497d301f6b0e9f5a9317394df23474a2e485a,250,0.1088,0.5599,1470.8,872.3,1733.8,0,,,,
crate,collapse20k_seams0.01,32.15,2468.5,0,,9935,2026-10-08 17:10:25,20000,2,1,26.74,0,0,3,4,1,1,True,1,"{""seam_vertices_protected"": 25360, ""seam_edges_marked"": 25547}",6472512,24689,287,0.6387,0.1524,6.5179,626ae78ba846ba8e87cf4b6c8861826071e0155204cb287e274d079f5c818228,194,0.2987,0.6149,1541.9,1155.8,1827.9,0,,,,
crate,collapse20k_seams0.1,35.21,2466.8,0,,12455,2026-10-08 17:10:58,20000,2,1,30.64,0,0,3,4,1,1,True,1,"{""seam_vertices_protected"": 25360, ""seam_edges_marked"": 25547}",6472480,24688,287,0.6391,0.1518,6.5179,94c002f825a5f7695b8fed7226a902e15c3272972de4e334a8d94f1967f6da0d,195,0.2989,0.6137,1540.5,1148.9,1828.8,0,0.179,18.769,0.314,39.112
crate,collapse20k_seams1,30.53,2372.8,0,,14174,2026-10-08 16:27:33,20000,2,1,24.93,0,0,3,4,1,1,True,1,"{""seam_vertices_protected"": 25360, ""seam_edges_marked"": 25547}",6470016,24611,281,0.6388,0.1506,6.5224,f5f167dc67f5e94f6e41d3a608394d436e892653709a3596037555902a4d013b,194,0.2988,0.6144,1540.8,1145.4,1822.7,0,,,,
crate,collapse20k_seams10,30.5,2354.7,0,,13692,2026-10-08 16:28:04,20000,2,1,25.55,0,0,3,4,1,1,True,1,"{""seam_vertices_protected"": 25360, ""seam_edges_marked"": 25547}",6471328,24652,290,0.6382,0.1516,6.525,47d2b5ed00a2184b52b5585039a41b6da8e0cec5e9b1ef77473a3b17c95efee9,191,0.2988,0.6167,1543.3,1186.9,1814.6,0,0.184,1.6,0.281,1.824
crate,collapse20k_seams100,27.77,2373.8,0,,16414,2026-10-08 16:28:35,20000,2,1,23.59,0,0,3,4,1,1,True,1,"{""seam_vertices_protected"": 25360, ""seam_edges_marked"": 25547}",6471812,24667,277,0.6386,0.1489,6.5228,266c360dbea9aeb836967838c5532668327357514ab1d0015c58512b641d9441,195,0.2985,0.6159,1542.6,1180.9,1811.1,0,,,,
crate,collapse20k_steps3,28.49,2358.6,0,,13885,2026-10-08 16:26:32,20000,3,0,23.95,0,0,0,4,1,1,True,1,{},6382276,21869,102,0.7248,0.0711,6.5227,bd722082b03aad17d152799b47928368daabbe36dca507955a0c612c48b762b8,256,0.1117,0.55,1458.4,814.9,1756.1,0,,,,
crate,collapse20k_steps6,31.56,2390.6,0,,13872,2026-10-08 16:27:01,20000,6,0,27.23,0,0,0,4,1,1,True,1,{},6356544,21065,103,0.6453,0.1273,6.5226,456757d4d0d05a2389d4a4d0456042d3566febbab4588a245cf11fc45ec2197b,262,0.1123,0.5399,1445.0,774.9,1758.1,0,0.033,0.079,0.031,0.108
crate,collapse20k_weld1e-4,26.16,2337.6,0,,16427,2026-10-08 16:30:27,19999,1,0,21.97,2,1,0,0,0,1,True,1,"{""weld_joined"": 316}",6426716,23258,83,0.8429,0.0257,6.5236,29984e4c3e2b5b5ee059885e6299931a62af6d468b16139180edda056aa6a265,252,0.1086,0.5594,1470.2,876.7,1733.4,0,,,,
crate,collapse5k_r1,25.75,2327.6,0,,15895,2026-10-08 16:25:36,5000,1,0,21.7,0,0,0,4,1,1,True,1,{},5831244,7462,17,0.8856,0.0244,6.5247,3463f2a91f95e0d956bcdef7908f3166602f7e143d16aa44294a5c4186cad59e,233,0.2117,0.5123,1407.2,787.8,1705.6,0,0.113,0.372,0.093,0.625
crate,collapse5k_r2,29.64,2325.5,0,,15289,2026-10-08 16:26:02,5000,1,0,25.47,0,0,0,4,1,1,True,1,{},5831244,7462,17,0.8856,0.0244,6.5247,3463f2a91f95e0d956bcdef7908f3166602f7e143d16aa44294a5c4186cad59e,233,0.2117,0.5123,1407.2,787.8,1705.6,0,,,,
crate,collapse5k_seams10,29.85,2375.3,0,,15405,2026-10-08 16:29:04,5000,2,1,25.97,0,0,0,4,1,1,True,1,"{""seam_vertices_protected"": 25360, ""seam_edges_marked"": 25547}",5825416,7280,71,0.728,0.0968,6.5252,b21a2df0197cc88476e18fdfa9e33b0a8e14f46e8f22f57c47e852cf700c5f99,205,0.2964,0.5794,1495.4,1039.0,1788.5,0,,,,
crate,planar1_uv,397.87,2270.0,0,,8527,2026-10-08 17:45:02,20000,1,0,393.62,12,7,2,4,1,1,True,1,"{""faces_after_planar"": 110073, ""largest_face_sides_after_planar"": 373, ""triangles_after_planar"": 380244}",6121856,13731,125,0.7036,0.078,6.5232,93788a3846b9fe1fd984e9af418783e6bbc577ece372bf47b3d6ddd92e77e65f,208,0.1034,0.5827,1500.9,1001.9,1744.7,0,0.058,0.208,0.061,0.217
crate,planar5_uv,858.92,2235.4,0,,10263,2026-10-08 16:30:54,20000,1,0,854.9,12,7,2,6,1,1,True,1,"{""faces_after_planar"": 12349, ""largest_face_sides_after_planar"": 534, ""triangles_after_planar"": 84632}",6160892,14951,70,0.5536,0.2444,6.522,475e99557afdd3de19904e6ce1bfb635a12ee57b1e5a476396ac52e46768e8d2,208,0.1546,0.6128,1539.2,1219.9,1733.0,0,0.415,5.913,1.236,6.773
crate,quadriflow,5.24,1470.2,1,,12781,2026-10-08 17:51:40,,,,,,,,,,,,,,,,,,,,,,,,,,,,,,,
crate,quadriflow_on_collapse20k,0.71,446.8,1,,15042,2026-10-08 18:04:27,,,,,,,,,,,,,,,,,,,,,,,,,,,,,,,
crate,quadriflow_on_repaired,4.9,1577.7,1,,13736,2026-10-08 18:04:22,,,,,,,,,,,,,,,,,,,,,,,,,,,,,,,
crate,quadriflow_on_voxel4mm,0.71,445.4,1,,14985,2026-10-08 18:04:28,,,,,,,,,,,,,,,,,,,,,,,,,,,,,,,
crate,unsubdiv2,34.79,2545.0,0,,8392,2026-10-08 17:12:30,20000,1,0,30.58,0,0,0,4,1,1,True,1,"{""triangles_after_unsubdiv"": 1800593}",6425696,23226,87,0.8432,0.0257,6.5236,284dcf3598a0e10720efd6f7a6edde919b98028407cdcec56077f8cb4d7cc6aa,253,0.1093,0.5628,1487.7,856.8,1732.9,0,0.042,0.189,0.034,0.132
crate,voxel2mm,72.28,3389.2,0,,4814,2026-10-08 17:13:47,20000,1,0,68.2,0,0,0,0,0,1,True,1,"{""triangles_after_voxel"": 3377284, ""faces_after_voxel"": 1688642}",6329792,20229,10,0.869,0.008,6.5089,1d6d3caecfdc59ffb4f016264adfc5dacbc3bde8d2996ee3dd3424906f69fa87,1,0.0,0.923,11872.6,1322.5,17884.0,0,0.244,0.922,0.149,1.334
crate,voxel4mm,19.66,1473.3,0,,9824,2026-10-08 17:13:05,20000,1,0,14.28,0,0,0,0,0,1,True,1,"{""triangles_after_voxel"": 845968, ""faces_after_voxel"": 422984}",6326848,20137,5,0.894,0.0053,6.4907,c8046b109b8b6c4ddadcfd7b6d0edb86db7d7d3b22259ba8f5b8a1bdb3e0d8cf,1,0.0,0.9277,11845.1,1307.4,17823.5,0,0.56,1.543,0.59,2.827
crate,voxel4mm_r2,17.81,1509.6,0,,9664,2026-10-08 17:13:27,20000,1,0,12.79,0,0,0,0,0,1,True,1,"{""triangles_after_voxel"": 845968, ""faces_after_voxel"": 422984}",6326848,20137,5,0.894,0.0053,6.4907,c8046b109b8b6c4ddadcfd7b6d0edb86db7d7d3b22259ba8f5b8a1bdb3e0d8cf,1,0.0,0.9277,11845.1,1307.4,17823.5,0,,,,
orb,collapse20k_clear30,39.56,2516.3,0,,9735,2026-10-08 17:03:28,20000,1,0,33.18,0,0,0,0,0,1,True,1,{},10501104,34847,0,0.9114,0.0001,2.5512,8b8a2bd683bc128a60bb164add585cc8fc514f2db7678f9d6f07cd1705b99157,1395,0.2446,0.389,1962.2,982.0,2692.2,0,,,,
orb,collapse20k_nomerge,30.43,2604.4,0,,10921,2026-10-08 17:02:56,20000,1,0,26.16,17504,0,0,0,509,943,True,1,{},10017100,19722,1312,0.9009,0.0006,2.479,c4169387daaa1a5f3e0c1fdbdd278b706af16077541f146d08f9063a0476534d,961,0.0,0.4833,2217.3,1583.7,2854.0,0,,,,
orb,collapse20k_r1,27.68,2629.4,0,,15392,2026-10-08 16:56:56,20000,1,0,23.56,0,0,0,0,0,1,True,1,{},9972492,18328,1452,0.9114,0.0001,2.5512,d35308aae100651ef8d303176cfb04186d8e0a405bf25ea92f8b661345a1b544,1395,0.2446,0.389,1962.2,982.0,2692.2,0,1.068,3.442,0.846,2.709
orb,collapse20k_r2,27.46,2627.8,0,,15381,2026-10-08 16:57:24,20000,1,0,23.38,0,0,0,0,0,1,True,1,{},9972492,18328,1452,0.9114,0.0001,2.5512,d35308aae100651ef8d303176cfb04186d8e0a405bf25ea92f8b661345a1b544,1395,0.2446,0.389,1962.2,982.0,2692.2,0,,,,
orb,collapse20k_r3,27.56,2636.8,0,,15351,2026-10-08 16:57:52,20000,1,0,23.5,0,0,0,0,0,1,True,1,{},9972492,18328,1452,0.9114,0.0001,2.5512,d35308aae100651ef8d303176cfb04186d8e0a405bf25ea92f8b661345a1b544,1395,0.2446,0.389,1962.2,982.0,2692.2,0,,,,
orb,collapse20k_r4,37.03,2551.9,0,,9087,2026-10-08 17:06:00,20000,1,0,31.48,0,0,0,0,0,1,True,1,{},9972492,18328,1452,0.9114,0.0001,2.5512,d35308aae100651ef8d303176cfb04186d8e0a405bf25ea92f8b661345a1b544,1395,0.2446,0.389,1962.2,982.0,2692.2,0,,,,
orb,collapse20k_r5,37.97,2544.3,0,,9685,2026-10-08 17:06:38,20000,1,0,31.92,0,0,0,0,0,1,True,1,{},9972492,18328,1452,0.9114,0.0001,2.5512,d35308aae100651ef8d303176cfb04186d8e0a405bf25ea92f8b661345a1b544,1395,0.2446,0.389,1962.2,982.0,2692.2,0,,,,
orb,collapse20k_seams0.01,34.98,2625.9,0,,9870,2026-10-08 17:04:45,20000,2,1,30.64,0,0,0,0,0,1,True,1,"{""seam_vertices_protected"": 56829, ""seam_edges_marked"": 57922}",10023660,19927,1321,0.8579,0.001,2.5034,f91535fce93ee14ed434190e01cfa58f0d0e88d7085da91059d6f72c9947e919,1094,0.2977,0.4661,2168.6,1397.4,2884.7,0,,,,
orb,collapse20k_seams0.1,38.7,2632.5,0,,9615,2026-10-08 17:05:21,20000,2,1,32.92,0,0,0,0,0,1,True,1,"{""seam_vertices_protected"": 56829, ""seam_edges_marked"": 57922}",10023660,19927,1321,0.8579,0.001,2.5034,d87ddeec9600226bcab821e10944b7ba67e69eb908e0d33ec67f48cb6fcb30b0,1094,0.2977,0.4661,2168.6,1397.4,2884.7,0,2.184,8.482,3.196,13.691
orb,collapse20k_seams1,40.12,2677.1,0,,9412,2026-10-08 17:00:24,20000,2,1,34.25,0,0,0,0,0,1,True,1,"{""seam_vertices_protected"": 56829, ""seam_edges_marked"": 57922}",10023692,19928,1321,0.8579,0.001,2.5034,0783f1c7868aa4dfee415e620c9927e51c6968af38affc38e25b92d8611673a0,1094,0.2977,0.4661,2168.6,1397.4,2886.9,0,,,,
orb,collapse20k_seams10,34.56,2697.8,0,,11131,2026-10-08 17:01:05,20000,2,1,30.01,0,0,0,0,0,1,True,1,"{""seam_vertices_protected"": 56829, ""seam_edges_marked"": 57922}",10023628,19926,1322,0.8579,0.001,2.5039,e093ca1a50436daa1858c7620999e05c25f6ef0842b5d20ef22f8725089ac52b,1100,0.2977,0.4665,2169.3,1401.3,2883.4,0,2.193,8.482,3.208,13.691
orb,collapse20k_seams100,36.4,2653.9,0,,11214,2026-10-08 17:01:40,20000,2,1,31.91,0,0,0,0,0,1,True,1,"{""seam_vertices_protected"": 56829, ""seam_edges_marked"": 57922}",10023916,19935,1338,0.858,0.0009,2.5055,21c6eb2723c066f9902db294c60b49cc10a5e6a2f4dd1675b42c878d822c0805,1101,0.2979,0.4664,2168.5,1395.8,2881.6,0,,,,
orb,collapse20k_steps3,30.17,2692.8,0,,13804,2026-10-08 16:59:18,20000,3,0,25.88,0,0,0,0,0,1,True,1,{},9972716,18335,1106,0.8948,0.0005,2.5328,2ebc859c7b70c30dee5d7b2ccdc0b8d663f17854d14052168ba2a8a80015270e,1394,0.2448,0.3826,1953.1,967.7,2699.2,0,,,,
orb,collapse20k_steps6,35.36,2648.8,0,,12084,2026-10-08 16:59:48,20000,6,0,30.91,0,0,0,0,0,1,True,1,{},9970284,18259,968,0.8976,0.0008,2.5276,e8437516f8d843656cdecc988c1a38a00e7ce7749ae547bc4aff9712b7208d51,1367,0.2424,0.3845,1960.8,980.3,2695.8,0,0.977,1.899,0.89,3.64
orb,collapse20k_weld1e-4,36.96,2590.9,0,,9677,2026-10-08 17:04:08,20000,1,0,32.31,0,1,2,0,0,1,True,1,"{""weld_joined"": 9}",9972844,18339,1462,0.9109,0.0004,2.5513,6164f0fbda38adca29b9bca0517275bfdb0b1c4855f0f6227f153978f00216b4,1403,0.245,0.389,1962.2,983.7,2691.3,0,,,,
orb,collapse5k_r1,27.43,2641.6,0,,15367,2026-10-08 16:58:20,5000,1,0,23.5,0,0,0,0,0,1,True,1,{},9509172,6662,983,0.9172,0.0024,2.501,4510fbdf33efbd81395d93b8508ea1ab587a7a21537e8e4f28c84801317af6f4,1170,0.4439,0.3075,1770.8,697.2,2582.1,0,3.401,11.726,3.301,17.351
orb,collapse5k_r2,29.18,2633.7,0,,14525,2026-10-08 16:58:48,5000,1,0,25.2,0,0,0,0,0,1,True,1,{},9509172,6662,983,0.9172,0.0024,2.501,4510fbdf33efbd81395d93b8508ea1ab587a7a21537e8e4f28c84801317af6f4,1170,0.4439,0.3075,1770.8,697.2,2582.1,0,,,,
orb,collapse5k_seams10,38.94,2642.3,0,,8701,2026-10-08 17:02:17,5000,2,1,34.45,0,0,0,0,0,1,True,1,"{""seam_vertices_protected"": 56829, ""seam_edges_marked"": 57922}",9507636,6614,1042,0.9022,0.0042,2.4497,7237fa820d28f2f0a6c38be0fc7ddccf6867a656544b52f744ef314f1e4c4184,977,0.436,0.3744,1966.5,1052.4,2747.3,0,,,,
orb,planar5_uv,55.41,2515.1,0,,9224,2026-10-08 17:09:23,20000,1,0,49.71,68,34,0,0,0,1,True,1,"{""faces_after_planar"": 346115, ""largest_face_sides_after_planar"": 171, ""triangles_after_planar"": 854612}",9965128,18098,1533,0.8844,0.0019,2.5492,3cd1cacf85cd421da88c531a731f7301559025fcf0aff3fd3a56649d4c1de07c,1237,0.2343,0.4048,2002.4,1124.2,2708.2,0,1.105,4.606,1.045,3.011
orb,quadriflow,5.49,1377.5,1,,12487,2026-10-08 17:10:19,,,,,,,,,,,,,,,,,,,,,,,,,,,,,,,
orb,quadriflow_on_collapse20k,8.81,893.5,0,,13758,2026-10-08 18:04:29,15200,0,0,7.69,9,0,0,0,0,1,False,0,"{""faces_after_quadriflow"": 7600}",10085632,30356,27,0.9639,0.0001,2.0162,7b498feb77408ab4373729794e3eba63e7fed767afcc8c6f66c13c36b8d9dec7,,,,,,,3,3.673,18.351,34.794,125.474
orb,quadriflow_on_voxel4mm,8.16,926.9,0,,12478,2026-10-08 18:04:38,15298,0,0,7.03,13,0,0,0,0,1,False,0,"{""faces_after_quadriflow"": 7649}",10091764,30587,39,0.9639,0.0003,2.0266,9a255d9af720581df94c5b5f576bbc8d049dffc7b3969dad18d195d1870ccbb9,,,,,,,3,3.69,17.134,34.993,121.833
orb,quadriflow_on_voxel4mm_again,7.98,912.7,0,,12385,2026-10-08 18:04:46,15298,0,0,6.87,13,0,0,0,0,1,False,0,"{""faces_after_quadriflow"": 7649}",10091768,30587,36,0.9638,0.0003,2.0263,506efc177c84ba74243f4b9d288de43ad9c7597a1a450115e34dfb121a13083c,,,,,,,3,,,,
orb,unsubdiv2,43.14,2675.8,0,,9271,2026-10-08 17:07:17,19999,1,0,36.48,2,1,0,0,0,1,True,1,"{""triangles_after_unsubdiv"": 1951270}",9972392,18325,1448,0.9111,0.0004,2.5511,e57158111f579a124642a381bd1fe4c3c7cd2bcd96badc6b0ad26501617aa280,1395,0.2442,0.3901,1971.8,973.5,2696.1,0,1.067,3.442,0.848,2.215
orb,voxel2mm,35.47,2179.8,0,,10215,2026-10-08 17:08:43,20000,1,0,29.79,0,0,0,0,0,10,True,1,"{""triangles_after_voxel"": 1855700, ""faces_after_voxel"": 927850}",9706076,10004,1127,0.9269,0.0004,2.5326,4d9caae51d1b52ef146d6e0dd1efe2dcc5b4541e9e8dd38d4470c611a83b8dda,10,0.0,0.9601,41244.1,1791.9,91861.8,0,1.193,3.163,1.006,5.588
orb,voxel4mm,15.69,1458.7,0,,10490,2026-10-08 17:08:00,20000,1,0,11.21,0,0,0,0,0,6,True,1,"{""triangles_after_voxel"": 463460, ""faces_after_voxel"": 231730}",9705772,9994,781,0.931,0.0001,2.4988,eaca48ce9c961f0b4e52710c5749c880c45bc392161e93145b6c8536a2a0df38,6,0.0,0.9718,44082.4,1782.4,92797.3,0,1.561,6.706,1.419,10.189
orb,voxel4mm_r2,15.47,1477.7,0,,11806,2026-10-08 17:08:22,20000,1,0,10.05,0,0,0,0,0,6,True,1,"{""triangles_after_voxel"": 463460, ""faces_after_voxel"": 231730}",9705772,9994,781,0.931,0.0001,2.4988,eaca48ce9c961f0b4e52710c5749c880c45bc392161e93145b6c8536a2a0df38,6,0.0,0.9718,44082.4,1782.4,92797.3,0,,,,
