run,seconds,peak_rss_mb,exit,settings,bytes_in,bytes_out,triangles_in,triangles_out,vertices_in,vertices_out,welded_points_in,welded_points_out,zero_normals_in,zero_normals_out,normals_matched_share,normals_largest_angle,normals_share_over_1deg,extensions_dropped,images_in,images_out,images_same_bytes,validator_errors_out,validator_warnings_out,sha256
rt_crate_h31_default_again,8.22,1956.2,0,merge_vertices=True shading=NORMALS image_format=AUTO tangents=False clear_custom_normals=False,56826900,57173032,1801451,1801451,926464,937286,900728,900728,0,0,1.0,0.34,0.0,FB_ngon_encoding KHR_materials_volume,jpeg:4096:1403694 jpeg:4096:1073668 png:4096:3083272,png:4096:3083272 jpeg:4096:1403694 jpeg:4096:1073668,True True True,0,1,8100666efbe878fa798918c9876979e24edffc43c4f8258030af136a833e1c51
rt_crate_h31_default_default,8.25,1983.5,0,merge_vertices=True shading=NORMALS image_format=AUTO tangents=False clear_custom_normals=False,56826900,57173032,1801451,1801451,926464,937286,900728,900728,0,0,1.0,0.34,0.0,FB_ngon_encoding KHR_materials_volume,jpeg:4096:1403694 jpeg:4096:1073668 png:4096:3083272,png:4096:3083272 jpeg:4096:1403694 jpeg:4096:1073668,True True True,0,1,8100666efbe878fa798918c9876979e24edffc43c4f8258030af136a833e1c51
rt_crate_h31_default_nomerge,7.51,1950.8,0,merge_vertices=False shading=NORMALS image_format=AUTO tangents=False clear_custom_normals=False,56826900,57418952,1801451,1801451,926464,944971,900728,900728,0,0,1.0,0.35,0.0,FB_ngon_encoding KHR_materials_volume,jpeg:4096:1403694 jpeg:4096:1073668 png:4096:3083272,png:4096:3083272 jpeg:4096:1403694 jpeg:4096:1073668,True True True,0,1,b4be0a283e3a8bc9a8c72568e8da9842821fce48569788c039d34527d3468a07
rt_crate_h31_default_smooth,6.27,1773.5,0,merge_vertices=True shading=SMOOTH image_format=AUTO tangents=False clear_custom_normals=False,56826900,56826728,1801451,1801451,926464,926464,900728,900728,0,0,1.0,179.55,0.06551,FB_ngon_encoding KHR_materials_volume,jpeg:4096:1403694 jpeg:4096:1073668 png:4096:3083272,png:4096:3083272 jpeg:4096:1403694 jpeg:4096:1073668,True True True,0,1,1b79e73151eee52d671566225fb94c57fbeb139c0d8b782494c544c15ae9d1fb
rt_crate_h31_default_tangents,9.87,2455.6,0,merge_vertices=True shading=NORMALS image_format=AUTO tangents=True clear_custom_normals=False,56826900,99491076,1801451,1801451,926464,1506480,900728,900728,0,0,1.0,0.34,0.0,FB_ngon_encoding KHR_materials_volume,jpeg:4096:1403694 jpeg:4096:1073668 png:4096:3083272,png:4096:3083272 jpeg:4096:1403694 jpeg:4096:1073668,True True True,5,0,f3aa4bde2abe7855b104872d472fdcef10c9fdd8d69618801fdaeb61569f7479
rt_crate_h31_default_webp,14.5,2011.5,0,merge_vertices=True shading=NORMALS image_format=WEBP tangents=False clear_custom_normals=False,56826900,51889300,1801451,1801451,926464,937286,900728,900728,0,0,1.0,0.34,0.0,FB_ngon_encoding KHR_materials_volume,jpeg:4096:1403694 jpeg:4096:1073668 png:4096:3083272,webp:4096:40720 webp:4096:127286 webp:4096:108710,False False False,0,1,23d7674f930470ee5b2e7084d6beb888e32ec14da59b84e0cd050b9208c1a58f
rt_crate_p1_tri_req20000_clear,0.67,376.2,0,merge_vertices=True shading=NORMALS image_format=AUTO tangents=False clear_custom_normals=True,476416,357760,19796,19796,9904,9915,9904,9904,0,0,1.0,65.21,0.00111,FB_ngon_encoding KHR_materials_volume,,,,0,0,2b92a9326c88cebfa4069feb340da69a26b5248f162f462e9b57f39369e025d8
rt_crate_p1_tri_req20000_default,0.66,380.6,0,merge_vertices=True shading=NORMALS image_format=AUTO tangents=False clear_custom_normals=False,476416,357712,19796,19796,9904,9913,9904,9904,0,0,1.0,0.04,0.0,FB_ngon_encoding KHR_materials_volume,,,,0,0,b002a20c31260020d3bfd01d7f6902f81671b4a2b1c0ff5d4fe3c6a3461b607a
rt_crate_p1_tri_req20000_nomerge,0.67,378.8,0,merge_vertices=False shading=NORMALS image_format=AUTO tangents=False clear_custom_normals=False,476416,357736,19796,19796,9904,9914,9904,9904,0,0,1.0,0.04,0.0,FB_ngon_encoding KHR_materials_volume,,,,0,0,b94210ea8551ce11ee9795dc1c1b2c871aca779b787e9ee34e92225d443cb6bf
rt_crate_p1_tri_req20000_smooth,0.66,373.5,0,merge_vertices=True shading=SMOOTH image_format=AUTO tangents=False clear_custom_normals=False,476416,357496,19796,19796,9904,9904,9904,9904,0,0,1.0,0.37,0.0,FB_ngon_encoding KHR_materials_volume,,,,0,0,bd45926cb644d43563370de6ffe3ea2961a4c24e72977ddc1b955ffe2c9f1cb3
rt_crate_p2_tri_req10000_clear,0.63,389.9,0,merge_vertices=True shading=NORMALS image_format=AUTO tangents=False clear_custom_normals=True,237468,180816,9794,9794,4949,5043,4949,4949,0,0,1.0,118.66,0.00808,FB_ngon_encoding KHR_materials_volume,,,,0,0,753e4a4da433c7f6a7ac1d999282abeb0c2219550608027cf23b60e00fb7dfd8
rt_crate_p2_tri_req10000_default,0.64,391.1,0,merge_vertices=True shading=NORMALS image_format=AUTO tangents=False clear_custom_normals=False,237468,179808,9794,9794,4949,5001,4949,4949,0,0,1.0,0.2,0.0,FB_ngon_encoding KHR_materials_volume,,,,0,0,153da4b63e2a48ffa15135f7d833ca963e16c938afe2770351d2a36921a19741
rt_crate_p2_tri_req10000_nomerge,0.65,391.0,0,merge_vertices=False shading=NORMALS image_format=AUTO tangents=False clear_custom_normals=False,237468,179832,9794,9794,4949,5002,4949,4949,0,0,1.0,0.2,0.0,FB_ngon_encoding KHR_materials_volume,,,,0,0,e2bfc4cb9bf82f79dd060b7706505cae4b4abf11e15036823750ebc058301db6
rt_crate_p2_tri_req10000_smooth,0.63,378.8,0,merge_vertices=True shading=SMOOTH image_format=AUTO tangents=False clear_custom_normals=False,237468,178560,9794,9794,4949,4949,4949,4949,0,0,1.0,46.48,0.00061,FB_ngon_encoding KHR_materials_volume,,,,0,0,c3c455ba0d12754f4df566dc737840f614f1734267fb7487de89e84c5ee6a803
rt_crate_p2_tri_req20000_clear,0.65,384.2,0,merge_vertices=True shading=NORMALS image_format=AUTO tangents=False clear_custom_normals=True,481172,367736,19958,19958,10021,10290,10021,10021,4,0,1.0,180.0,0.01617,FB_ngon_encoding KHR_materials_volume,,,,0,0,46be52afa2a43180825764f95bf503a89f78c5f8fd65dafd374fdf87b579ab4b
rt_crate_p2_tri_req20000_default,0.66,385.5,0,merge_vertices=True shading=NORMALS image_format=AUTO tangents=False clear_custom_normals=False,481172,364328,19958,19958,10021,10148,10021,10021,4,0,1.0,90.0,0.0004,FB_ngon_encoding KHR_materials_volume,,,,0,0,4d554a329644d4c3095fe96b19d32c922d0729ad34ad257b711ec95f38b50446
rt_crate_p2_tri_req20000_nomerge,0.65,386.3,0,merge_vertices=False shading=NORMALS image_format=AUTO tangents=False clear_custom_normals=False,481172,364208,19958,19958,10021,10143,10021,10021,4,0,1.0,90.0,0.0004,FB_ngon_encoding KHR_materials_volume,,,,0,0,73ff000d3654e45b9e41a9e1e18d09d73a4666929b6f2f06802f07bfb705eae9
rt_crate_p2_tri_req20000_smartuv_clear,0.64,394.2,0,merge_vertices=True shading=NORMALS image_format=AUTO tangents=False clear_custom_normals=True,614928,495336,19958,19958,11684,11696,10021,10021,0,0,1.0,180.0,0.04821,FB_ngon_encoding KHR_materials_volume,,,,0,0,6bf608644daf29a892d0fd36163aef8eb5f51e140b6bd13484631b68d9b30a8b
rt_crate_p2_tri_req20000_smartuv_default,0.64,389.1,0,merge_vertices=True shading=NORMALS image_format=AUTO tangents=False clear_custom_normals=False,614928,495240,19958,19958,11684,11693,10021,10021,0,0,1.0,0.03,0.0,FB_ngon_encoding KHR_materials_volume,,,,0,0,205f4d73a80efc4a7870117905b1388c82220557bea61d166a8c647503a5ebe9
rt_crate_p2_tri_req20000_smartuv_nomerge,0.68,388.6,0,merge_vertices=False shading=NORMALS image_format=AUTO tangents=False clear_custom_normals=False,614928,495240,19958,19958,11684,11693,10021,10021,0,0,1.0,117.27,0.00197,FB_ngon_encoding KHR_materials_volume,,,,0,0,0152d6f4de17b22101917a5e2d8948a3de428ac4fa21de7522db6eb4dca40a04
rt_crate_p2_tri_req20000_smartuv_smooth,0.63,384.3,0,merge_vertices=True shading=SMOOTH image_format=AUTO tangents=False clear_custom_normals=False,614928,494760,19958,19958,11684,11678,10021,10021,0,0,1.0,180.0,0.01507,FB_ngon_encoding KHR_materials_volume,,,,0,0,4e955a1bf02842991527cbc80570bf6f073c3669b5b97b149ccf96e2d757656b
rt_crate_p2_tri_req20000_smooth,0.62,381.7,0,merge_vertices=True shading=SMOOTH image_format=AUTO tangents=False clear_custom_normals=False,481172,361280,19958,19958,10021,10021,10021,10021,4,0,1.0,180.0,0.00728,FB_ngon_encoding KHR_materials_volume,,,,0,0,a8fb99b1255c1e4129b1ff9b3234b8ba72ba160fd3b3be7ffa74a56129997baa
rt_crate_p2_tri_req20000_textured_clear,0.72,464.9,0,merge_vertices=True shading=NORMALS image_format=AUTO tangents=False clear_custom_normals=True,2966532,2850616,19958,19958,22499,22627,10021,10021,0,0,1.0,180.0,0.0312,FB_ngon_encoding KHR_materials_volume,jpeg:4096:2005285,jpeg:4096:2005285,True,0,0,0c6ebea878e9208239c63a7e4e659d8e21a4be9043906db98750d8c5c321bd0d
rt_crate_p2_tri_req20000_textured_default,0.73,464.1,0,merge_vertices=True shading=NORMALS image_format=AUTO tangents=False clear_custom_normals=False,2966532,2848984,19958,19958,22499,22576,10021,10021,0,0,1.0,0.04,0.0,FB_ngon_encoding KHR_materials_volume,jpeg:4096:2005285,jpeg:4096:2005285,True,0,0,4a80018c5c4338408b5d648d7e4014a10b4008be3b6516d01d4196a9f2b0eb56
rt_crate_p2_tri_req20000_textured_nomerge,0.78,466.3,0,merge_vertices=False shading=NORMALS image_format=AUTO tangents=False clear_custom_normals=False,2966532,2851576,19958,19958,22499,22657,10021,10021,0,0,1.0,117.28,0.00098,FB_ngon_encoding KHR_materials_volume,jpeg:4096:2005285,jpeg:4096:2005285,True,0,0,8788e539d0db1fbe89357fff4329d8c862baa6b53b9cfc875d93b6cbff29eb14
rt_crate_p2_tri_req20000_textured_smooth,0.7,459.1,0,merge_vertices=True shading=SMOOTH image_format=AUTO tangents=False clear_custom_normals=False,2966532,2846520,19958,19958,22499,22499,10021,10021,0,0,1.0,180.0,0.01213,FB_ngon_encoding KHR_materials_volume,jpeg:4096:2005285,jpeg:4096:2005285,True,0,0,adff73f3152a8d577445398ac62aa74151b4802929300de83acb143ef7d069a0
rt_crate_p2_tri_req2000_clear,0.64,375.0,0,merge_vertices=True shading=NORMALS image_format=AUTO tangents=False clear_custom_normals=True,54804,41224,2225,2225,1119,1119,1119,1119,0,0,1.0,0.33,0.0,FB_ngon_encoding KHR_materials_volume,,,,0,0,bf148f3ba68a80b7a3d51228f4f54df7a5be43c33ab2abcc0f4e04ec38f99833
rt_crate_p2_tri_req2000_default,0.62,373.5,0,merge_vertices=True shading=NORMALS image_format=AUTO tangents=False clear_custom_normals=False,54804,41392,2225,2225,1119,1126,1119,1119,0,0,1.0,0.03,0.0,FB_ngon_encoding KHR_materials_volume,,,,0,0,6984d22c4c9a3852c29db3a7895e869c50804e02b09d1bdbe1aeb28d6095d795
rt_crate_p2_tri_req2000_nomerge,0.61,374.9,0,merge_vertices=False shading=NORMALS image_format=AUTO tangents=False clear_custom_normals=False,54804,41392,2225,2225,1119,1126,1119,1119,0,0,1.0,0.04,0.0,FB_ngon_encoding KHR_materials_volume,,,,0,0,21ed0d7df3c9fcd960a031d206fa68ea80b4c4821ae37e54eec28ce248b4ed21
rt_crate_p2_tri_req2000_smooth,0.6,379.1,0,merge_vertices=True shading=SMOOTH image_format=AUTO tangents=False clear_custom_normals=False,54804,41224,2225,2225,1119,1119,1119,1119,0,0,1.0,0.33,0.0,FB_ngon_encoding KHR_materials_volume,,,,0,0,bf148f3ba68a80b7a3d51228f4f54df7a5be43c33ab2abcc0f4e04ec38f99833
rt_crate_p2_tri_req5000_clear,0.6,375.4,0,merge_vertices=True shading=NORMALS image_format=AUTO tangents=False clear_custom_normals=True,142084,106816,5854,5854,2945,2945,2945,2945,0,0,1.0,82.91,0.00238,FB_ngon_encoding KHR_materials_volume,,,,0,0,a3b384e8c311538b164d78ac33ce147a5cc336ce5c5e10648f3ec2aa91b8559d
rt_crate_p2_tri_req5000_default,0.61,374.6,0,merge_vertices=True shading=NORMALS image_format=AUTO tangents=False clear_custom_normals=False,142084,106816,5854,5854,2945,2945,2945,2945,0,0,1.0,0.03,0.0,FB_ngon_encoding KHR_materials_volume,,,,0,0,259914f83d62671fc97b5d4a58850bcb39f470d5270ed81e44971cddb94d6832
rt_crate_p2_tri_req5000_nomerge,0.6,375.5,0,merge_vertices=False shading=NORMALS image_format=AUTO tangents=False clear_custom_normals=False,142084,106816,5854,5854,2945,2945,2945,2945,0,0,1.0,0.03,0.0,FB_ngon_encoding KHR_materials_volume,,,,0,0,0963e75c157f463d23fe7e2d7a6742bca2c58cdcb0e77fe627334c1a8ca1ad07
rt_crate_p2_tri_req5000_smooth,0.61,376.9,0,merge_vertices=True shading=SMOOTH image_format=AUTO tangents=False clear_custom_normals=False,142084,106816,5854,5854,2945,2945,2945,2945,0,0,1.0,82.91,0.00238,FB_ngon_encoding KHR_materials_volume,,,,0,0,a3b384e8c311538b164d78ac33ce147a5cc336ce5c5e10648f3ec2aa91b8559d
rt_orb_h31_default_again,13.56,2031.4,0,merge_vertices=True shading=NORMALS image_format=AUTO tangents=False clear_custom_normals=False,65804832,65804660,1951822,1951822,1034900,1034900,975882,975882,0,0,1.0,0.52,0.0,FB_ngon_encoding KHR_materials_volume,jpeg:4096:3179246 jpeg:4096:1393822 png:4096:4691100,png:4096:4691100 jpeg:4096:3179246 jpeg:4096:1393822,True True True,0,1,02f266a315c9f4ed933090cd611803ca8b9b54e1ecb5a5cf1d1180eeefaa56ff
rt_orb_h31_default_default,9.26,2019.8,0,merge_vertices=True shading=NORMALS image_format=AUTO tangents=False clear_custom_normals=False,65804832,65804660,1951822,1951822,1034900,1034900,975882,975882,0,0,1.0,0.52,0.0,FB_ngon_encoding KHR_materials_volume,jpeg:4096:3179246 jpeg:4096:1393822 png:4096:4691100,png:4096:4691100 jpeg:4096:3179246 jpeg:4096:1393822,True True True,0,1,02f266a315c9f4ed933090cd611803ca8b9b54e1ecb5a5cf1d1180eeefaa56ff
rt_orb_h31_default_nomerge,8.8,2017.7,0,merge_vertices=False shading=NORMALS image_format=AUTO tangents=False clear_custom_normals=False,65804832,65816628,1951822,1951822,1034900,1035274,975882,975882,0,0,1.0,0.26,0.0,FB_ngon_encoding KHR_materials_volume,jpeg:4096:3179246 jpeg:4096:1393822 png:4096:4691100,png:4096:4691100 jpeg:4096:3179246 jpeg:4096:1393822,True True True,0,1,05d309ca0caf1e6388b5b0f3ef513d70532c20464e3a57408a725d8108d6fa16
rt_orb_h31_default_smooth,7.31,1887.4,0,merge_vertices=True shading=SMOOTH image_format=AUTO tangents=False clear_custom_normals=False,65804832,65804660,1951822,1951822,1034900,1034900,975882,975882,0,0,1.0,93.43,0.22536,FB_ngon_encoding KHR_materials_volume,jpeg:4096:3179246 jpeg:4096:1393822 png:4096:4691100,png:4096:4691100 jpeg:4096:3179246 jpeg:4096:1393822,True True True,0,1,da911d75f52cda754353eb9634d909ff0cbad4a8007458711fcbdd4c6fe6d2ab
rt_orb_h31_default_tangents,11.3,2615.0,0,merge_vertices=True shading=NORMALS image_format=AUTO tangents=True clear_custom_normals=False,65804832,82682172,1951822,1951822,1034900,1041545,975882,975882,0,0,1.0,0.52,0.0,FB_ngon_encoding KHR_materials_volume,jpeg:4096:3179246 jpeg:4096:1393822 png:4096:4691100,png:4096:4691100 jpeg:4096:3179246 jpeg:4096:1393822,True True True,0,0,fd029f42fae612f93171636dd50094ad1b7bef0164b7f9e558160e2905fb3a85
rt_orb_h31_default_webp,12.27,2071.8,0,merge_vertices=True shading=NORMALS image_format=WEBP tangents=False clear_custom_normals=False,65804832,57574852,1951822,1951822,1034900,1034900,975882,975882,0,0,1.0,0.52,0.0,FB_ngon_encoding KHR_materials_volume,jpeg:4096:3179246 jpeg:4096:1393822 png:4096:4691100,webp:4096:305232 webp:4096:583088 webp:4096:145854,False False False,0,1,a304b948f8d028053757cd01e3cd56db81bef9a1d30bd2d6d18d9e6979df5f03
rt_orb_p1_tri_req20000_clear,0.66,382.6,0,merge_vertices=True shading=NORMALS image_format=AUTO tangents=False clear_custom_normals=True,452404,341632,18438,18438,9584,9584,9584,9584,0,0,1.0,0.37,0.0,FB_ngon_encoding KHR_materials_volume,,,,0,0,95bee034271a63bdde1c90190468b3abf08ddd08de22d68e214015cb252388d8
rt_orb_p1_tri_req20000_default,0.69,385.0,0,merge_vertices=True shading=NORMALS image_format=AUTO tangents=False clear_custom_normals=False,452404,342496,18438,18438,9584,9620,9584,9584,0,0,1.0,0.04,0.0,FB_ngon_encoding KHR_materials_volume,,,,0,0,40795e42b6086fb5fef4fcba29dab87319b078d8c60252196a010578be0ebd89
rt_orb_p1_tri_req20000_nomerge,0.64,383.1,0,merge_vertices=False shading=NORMALS image_format=AUTO tangents=False clear_custom_normals=False,452404,342568,18438,18438,9584,9623,9584,9584,0,0,1.0,0.04,0.0,FB_ngon_encoding KHR_materials_volume,,,,0,0,2bf98ce07e771bd9cfcf39cb0ecd04c4c64ee24e672f9fe16efdfe620f471fa4
rt_orb_p1_tri_req20000_smooth,0.63,379.3,0,merge_vertices=True shading=SMOOTH image_format=AUTO tangents=False clear_custom_normals=False,452404,341632,18438,18438,9584,9584,9584,9584,0,0,1.0,0.37,0.0,FB_ngon_encoding KHR_materials_volume,,,,0,0,95bee034271a63bdde1c90190468b3abf08ddd08de22d68e214015cb252388d8
rt_orb_p1_tri_req20000_textured_clear,0.75,470.3,0,merge_vertices=True shading=NORMALS image_format=AUTO tangents=False clear_custom_normals=True,4340544,4229656,18438,18438,27419,27419,9584,9584,0,0,1.0,38.51,0.00026,FB_ngon_encoding KHR_materials_volume,jpeg:4096:3240138,jpeg:4096:3240138,True,0,0,3ff1276a0eb92ba5c9fd77b5472d1c1bd21a2301e78107639235bf1ca2d3d688
rt_orb_p1_tri_req20000_textured_default,0.73,465.6,0,merge_vertices=True shading=NORMALS image_format=AUTO tangents=False clear_custom_normals=False,4340544,4230200,18438,18438,27419,27436,9584,9584,0,0,1.0,0.26,0.0,FB_ngon_encoding KHR_materials_volume,jpeg:4096:3240138,jpeg:4096:3240138,True,0,0,72021c0251f8a952b2c8c7f8c34189c10ea5a72c85945f6dfc5d495ed7953f2a
rt_orb_p1_tri_req20000_textured_nomerge,0.77,474.3,0,merge_vertices=False shading=NORMALS image_format=AUTO tangents=False clear_custom_normals=False,4340544,4230296,18438,18438,27419,27439,9584,9584,0,0,1.0,0.37,0.0,FB_ngon_encoding KHR_materials_volume,jpeg:4096:3240138,jpeg:4096:3240138,True,0,0,7fe3680b5484b2a5a65c43fb17e81ead299fb22ee62c396d655341dacad4c360
rt_orb_p1_tri_req20000_textured_smooth,0.75,468.3,0,merge_vertices=True shading=SMOOTH image_format=AUTO tangents=False clear_custom_normals=False,4340544,4229656,18438,18438,27419,27419,9584,9584,0,0,1.0,1.51,0.00011,FB_ngon_encoding KHR_materials_volume,jpeg:4096:3240138,jpeg:4096:3240138,True,0,0,11d67e3219a94068526da04284f39c2a0f72746a95035de8c916de168677cfd4
rt_orb_p2_tri_req20000_clear,0.69,383.1,0,merge_vertices=True shading=NORMALS image_format=AUTO tangents=False clear_custom_normals=True,510152,387600,20389,20389,11011,11011,11011,11011,0,0,1.0,0.37,0.0,FB_ngon_encoding KHR_materials_volume,,,,0,0,bff0a48f0f00a24dfa5592887371f7b515c0f74ab48041e314cda9f182f5c854
rt_orb_p2_tri_req20000_default,0.66,373.1,0,merge_vertices=True shading=NORMALS image_format=AUTO tangents=False clear_custom_normals=False,510152,388104,20389,20389,11011,11032,11011,11011,0,0,1.0,0.04,0.0,FB_ngon_encoding KHR_materials_volume,,,,0,0,8d083ab34a5f10b05a585143928066b765f52f339e5ed364f4f04a0a83d7217e
rt_orb_p2_tri_req20000_nomerge,0.69,371.6,0,merge_vertices=False shading=NORMALS image_format=AUTO tangents=False clear_custom_normals=False,510152,388080,20389,20389,11011,11031,11011,11011,0,0,1.0,0.04,0.0,FB_ngon_encoding KHR_materials_volume,,,,0,0,d5600844e9772ab485c79292e6d1b93009d508e958a95628f041c895830ad24f
rt_orb_p2_tri_req20000_smooth,0.63,377.8,0,merge_vertices=True shading=SMOOTH image_format=AUTO tangents=False clear_custom_normals=False,510152,387600,20389,20389,11011,11011,11011,11011,0,0,1.0,0.37,0.0,FB_ngon_encoding KHR_materials_volume,,,,0,0,bff0a48f0f00a24dfa5592887371f7b515c0f74ab48041e314cda9f182f5c854
rt_orb_p2_tri_req20000_textured_clear,0.73,473.6,0,merge_vertices=True shading=NORMALS image_format=AUTO tangents=False clear_custom_normals=True,4440736,4318072,20389,20389,28210,28210,11011,11011,0,0,1.0,0.43,0.0,FB_ngon_encoding KHR_materials_volume,jpeg:4096:3291521,jpeg:4096:3291521,True,0,0,b4285091cfab7a6540837a970ee8c82150c919c61c683b1410384dc5d52b50a1
rt_orb_p2_tri_req20000_textured_default,0.73,473.9,0,merge_vertices=True shading=NORMALS image_format=AUTO tangents=False clear_custom_normals=False,4440736,4318168,20389,20389,28210,28213,11011,11011,0,0,1.0,0.04,0.0,FB_ngon_encoding KHR_materials_volume,jpeg:4096:3291521,jpeg:4096:3291521,True,0,0,2a2297cd46529e955702a40b8377e9e6b94ab55c58e469cfd3ba18dc91ff8e22
rt_orb_p2_tri_req20000_textured_nomerge,0.76,475.6,0,merge_vertices=False shading=NORMALS image_format=AUTO tangents=False clear_custom_normals=False,4440736,4318488,20389,20389,28210,28223,11011,11011,0,0,1.0,0.56,0.0,FB_ngon_encoding KHR_materials_volume,jpeg:4096:3291521,jpeg:4096:3291521,True,0,0,f8d8a13d358a868c1c3ad07b51ff669d55509623bd263755add6effa94a21215
rt_orb_p2_tri_req20000_textured_smooth,0.72,463.7,0,merge_vertices=True shading=SMOOTH image_format=AUTO tangents=False clear_custom_normals=False,4440736,4318072,20389,20389,28210,28210,11011,11011,0,0,1.0,0.43,0.0,FB_ngon_encoding KHR_materials_volume,jpeg:4096:3291521,jpeg:4096:3291521,True,0,0,b4285091cfab7a6540837a970ee8c82150c919c61c683b1410384dc5d52b50a1
