name,started,wall_seconds,peak_rss_mb,exit_status,signal,core_dumped,least_available_mb,stopped_for_memory,threads
bake_crate__1024,2026-10-08 16:35:02,15.2,3057.6,0,,False,13607,False,all
bake_crate__1024_keeppack,2026-10-08 17:13:41,20.63,3233.1,0,,False,8495,False,all
bake_crate__2048,2026-10-08 16:35:18,18.51,3588.3,0,,False,13357,False,all
bake_crate__2048_again,2026-10-08 16:36:11,17.83,3640.5,0,,False,13603,False,all
bake_crate__2048_autocage,2026-10-08 17:12:26,22.21,3730.7,0,,False,8281,False,all
bake_crate__2048_cage0,2026-10-08 16:39:16,18.89,3710.2,0,,False,12952,False,all
bake_crate__2048_cage1mm,2026-10-08 16:38:01,17.14,3708.2,0,,False,13765,False,all
bake_crate__2048_cage20mm_nolimit,2026-10-08 16:38:57,17.05,3665.7,0,,False,13572,False,all
bake_crate__2048_cage50mm,2026-10-08 16:38:39,17.19,3721.8,0,,False,13575,False,all
bake_crate__2048_cage5mm,2026-10-08 16:38:20,17.25,3679.7,0,,False,13615,False,all
bake_crate__2048_cpu,2026-10-08 16:36:31,17.75,3568.9,0,,False,13739,False,all
bake_crate__2048_cpu_again,2026-10-08 16:36:50,17.33,3548.2,0,,False,13728,False,all
bake_crate__2048_diffuse,2026-10-08 16:40:55,18.13,3727.6,0,,False,12708,False,all
bake_crate__2048_extend,2026-10-08 16:40:36,17.58,3682.1,0,,False,12829,False,all
bake_crate__2048_keeppack,2026-10-08 17:12:50,25.42,3840.1,0,,False,9646,False,all
bake_crate__2048_keeppack_m8,2026-10-08 17:14:55,24.64,3772.0,0,,False,9741,False,all
bake_crate__2048_keepuv,2026-10-08 16:42:45,25.62,3679.0,0,,False,11706,False,all
bake_crate__2048_margin0,2026-10-08 16:39:36,18.08,3726.4,0,,False,13298,False,all
bake_crate__2048_margin2,2026-10-08 16:39:56,18.13,3685.6,0,,False,13049,False,all
bake_crate__2048_margin32,2026-10-08 16:40:15,18.98,3694.3,0,,False,13053,False,all
bake_crate__2048_noweld,2026-10-08 16:42:08,33.72,3723.2,0,,False,10351,False,all
bake_crate__2048_png,2026-10-08 16:41:36,29.21,3671.2,0,,False,11285,False,all
bake_crate__2048_s16,2026-10-08 16:37:42,17.98,3706.1,0,,False,13472,False,all
bake_crate__2048_s4096_GPU,2026-10-08 18:12:07,183.82,3746.0,0,,False,11948,False,all
bake_crate__2048_sharp30,2026-10-08 16:41:15,19.19,3683.2,0,,False,12229,False,all
bake_crate__2048_sharp60,2026-10-08 16:44:03,22.93,3718.9,0,,False,10136,False,all
bake_crate__2048_smart30,2026-10-08 16:43:12,25.03,3733.9,0,,False,11131,False,all
bake_crate__2048_smart66_concave,2026-10-08 16:43:39,21.83,3692.6,0,,False,11953,False,all
bake_crate__2048_smartadd1,2026-10-08 17:13:17,22.8,3802.5,0,,False,9721,False,all
bake_crate__4096,2026-10-08 16:35:38,31.51,5950.8,0,,False,11101,False,all
bake_crate__4096_cpu,2026-10-08 16:37:09,31.63,5742.0,0,,False,11132,False,all
bake_crate__4096_keeppack,2026-10-08 17:14:03,50.14,6213.5,0,,False,4856,False,all
bake_crate__5k_1024,2026-10-08 16:44:52,15.58,3218.3,0,,False,12593,False,all
bake_crate__5k_2048,2026-10-08 16:44:29,22.6,3714.2,0,,False,12648,False,all
bake_crate__5k_2048_keeppack,2026-10-08 17:15:21,21.91,3768.9,0,,False,10149,False,all
bake_orb__1024,2026-10-08 16:59:51,17.01,3492.4,0,,False,12068,False,all
bake_orb__1024_keeppack,2026-10-08 17:16:57,19.14,3510.4,0,,False,9839,False,all
bake_orb__2048,2026-10-08 17:00:09,20.74,3998.2,0,,False,13279,False,all
bake_orb__2048_again,2026-10-08 17:01:12,21.47,3926.2,0,,False,11298,False,all
bake_orb__2048_autocage,2026-10-08 17:15:44,21.7,4030.0,0,,False,10077,False,all
bake_orb__2048_cage0,2026-10-08 17:04:48,21.22,3979.5,0,,False,9782,False,all
bake_orb__2048_cage1mm,2026-10-08 17:03:19,21.59,3991.6,0,,False,10852,False,all
bake_orb__2048_cage20mm_nolimit,2026-10-08 17:04:27,19.65,3989.5,0,,False,9882,False,all
bake_orb__2048_cage50mm,2026-10-08 17:04:05,20.44,3963.0,0,,False,9674,False,all
bake_orb__2048_cage5mm,2026-10-08 17:03:42,21.84,4043.3,0,,False,9488,False,all
bake_orb__2048_cpu,2026-10-08 17:01:35,20.33,3877.0,0,,False,11257,False,all
bake_orb__2048_cpu_again,2026-10-08 17:01:57,19.64,3860.2,0,,False,11106,False,all
bake_orb__2048_diffuse,2026-10-08 17:06:42,22.78,3879.2,0,,False,9641,False,all
bake_orb__2048_extend,2026-10-08 17:06:20,19.35,4008.6,0,,False,9994,False,all
bake_orb__2048_keeppack,2026-10-08 17:16:08,23.91,4016.4,0,,False,8998,False,all
bake_orb__2048_keeppack_m8,2026-10-08 17:17:57,24.72,4034.0,0,,False,9188,False,all
bake_orb__2048_keepuv,2026-10-08 17:08:23,23.3,3969.8,0,,False,11806,False,all
bake_orb__2048_margin0,2026-10-08 17:05:11,18.01,4030.8,0,,False,11037,False,all
bake_orb__2048_margin2,2026-10-08 17:05:32,20.62,3966.8,0,,False,9616,False,all
bake_orb__2048_margin32,2026-10-08 17:05:54,24.5,4018.4,0,,False,9125,False,all
bake_orb__2048_noweld,2026-10-08 17:07:57,23.87,4044.2,0,,False,10750,False,all
bake_orb__2048_png,2026-10-08 17:07:32,23.3,3935.8,0,,False,9222,False,all
bake_orb__2048_s16,2026-10-08 17:02:56,20.77,3938.0,0,,False,10796,False,all
bake_orb__2048_sharp30,2026-10-08 17:07:07,23.3,4027.7,0,,False,9358,False,all
bake_orb__2048_sharp60,2026-10-08 17:09:32,21.1,3964.4,0,,False,9179,False,all
bake_orb__2048_smart30,2026-10-08 17:08:48,21.64,3994.0,0,,False,10262,False,all
bake_orb__2048_smart66_concave,2026-10-08 17:09:11,19.62,4051.4,0,,False,11226,False,all
bake_orb__2048_smartadd1,2026-10-08 17:16:33,22.8,4026.6,0,,False,9262,False,all
bake_orb__4096,2026-10-08 17:00:32,38.36,6316.1,0,,False,9529,False,all
bake_orb__4096_cpu,2026-10-08 17:02:18,37.11,6206.7,0,,False,8701,False,all
bake_orb__4096_keeppack,2026-10-08 17:17:18,37.96,6476.8,0,,False,7038,False,all
bake_orb__5k_1024,2026-10-08 17:10:16,16.64,3525.5,0,,False,9935,False,all
bake_orb__5k_2048,2026-10-08 17:09:54,20.72,4007.2,0,,False,10192,False,all
bake_orb__5k_2048_keeppack,2026-10-08 17:18:24,21.94,4035.6,0,,False,9412,False,all
chain_crate_keep1t_a_1_repair,2026-10-08 18:23:18,28.2,3480.8,0,,False,12807,False,all
chain_crate_keep1t_a_2_reduce,2026-10-08 18:23:52,24.96,2433.3,0,,False,14220,False,all
chain_crate_keep1t_a_3_uv_bake,2026-10-08 18:24:17,47.76,3184.5,0,,False,13797,False,1
chain_crate_keep1t_a_4_scale,2026-10-08 18:25:05,0.79,515.6,0,,False,16378,False,all
chain_crate_keep1t_a_5_place,2026-10-08 18:25:06,0.77,509.1,0,,False,16316,False,all
chain_crate_keep1t_b_1_repair,2026-10-08 18:25:07,22.26,3207.9,0,,False,13740,False,all
chain_crate_keep1t_b_2_reduce,2026-10-08 18:25:36,24.77,2435.1,0,,False,14249,False,all
chain_crate_keep1t_b_3_uv_bake,2026-10-08 18:26:01,47.36,3201.8,0,,False,13670,False,1
chain_crate_keep1t_b_4_scale,2026-10-08 18:26:48,0.79,513.3,0,,False,16362,False,all
chain_crate_keep1t_b_5_place,2026-10-08 18:26:49,0.77,509.3,0,,False,16361,False,all
chain_crate_keep_a_1_repair,2026-10-08 18:26:51,22.02,3241.0,0,,False,13722,False,all
chain_crate_keep_a_2_reduce,2026-10-08 18:27:18,24.71,2466.8,0,,False,14182,False,all
chain_crate_keep_a_3_uv_bake,2026-10-08 18:27:43,20.91,3815.2,0,,False,12961,False,all
chain_crate_keep_a_4_scale,2026-10-08 18:28:04,0.78,516.2,0,,False,16306,False,all
chain_crate_keep_a_5_place,2026-10-08 18:28:06,0.75,553.7,0,,False,16285,False,all
chain_crate_keep_b_1_repair,2026-10-08 18:28:07,22.37,3420.3,0,,False,13593,False,all
chain_crate_keep_b_2_reduce,2026-10-08 18:28:35,24.82,2493.7,0,,False,14155,False,all
chain_crate_keep_b_3_uv_bake,2026-10-08 18:29:00,20.51,3824.0,0,,False,12987,False,all
chain_crate_keep_b_4_scale,2026-10-08 18:29:21,0.76,507.6,0,,False,16341,False,all
chain_crate_keep_b_5_place,2026-10-08 18:29:22,0.75,503.2,0,,False,16256,False,all
chain_crate_smart_a_1_repair,2026-10-08 18:36:23,25.23,3242.6,0,,False,11105,False,all
chain_crate_smart_a_2_reduce,2026-10-08 18:36:54,24.62,2461.1,0,,False,12686,False,all
chain_crate_smart_a_3_uv_bake,2026-10-08 18:37:19,17.35,3808.9,0,,False,12502,False,all
chain_crate_smart_a_4_scale,2026-10-08 18:37:37,0.78,491.4,0,,False,15304,False,all
chain_crate_smart_a_5_place,2026-10-08 18:37:38,0.77,503.3,0,,False,15043,False,all
chain_orb_keep1t_a_1_repair,2026-10-08 18:29:33,24.4,3485.7,0,,False,13406,False,all
chain_orb_keep1t_a_2_reduce,2026-10-08 18:30:04,28.96,2666.3,0,,False,13990,False,all
chain_orb_keep1t_a_3_uv_bake,2026-10-08 18:30:33,51.98,3511.2,0,,False,12893,False,1
chain_orb_keep1t_a_4_scale,2026-10-08 18:31:25,0.87,495.1,0,,False,15673,False,all
chain_orb_keep1t_a_5_place,2026-10-08 18:31:27,0.93,539.0,0,,False,15801,False,all
chain_orb_keep1t_b_1_repair,2026-10-08 18:31:28,25.98,3663.9,0,,False,12704,False,all
chain_orb_keep1t_b_2_reduce,2026-10-08 18:32:01,29.01,2655.2,0,,False,14052,False,all
chain_orb_keep1t_b_3_uv_bake,2026-10-08 18:32:31,53.05,3464.4,0,,False,10976,False,1
chain_orb_keep1t_b_4_scale,2026-10-08 18:33:24,1.04,502.7,0,,False,13565,False,all
chain_orb_keep1t_b_5_place,2026-10-08 18:33:25,0.92,517.5,0,,False,13589,False,all
chain_orb_keep_a_1_repair,2026-10-08 18:33:27,25.16,3497.5,0,,False,12066,False,all
chain_orb_keep_a_2_reduce,2026-10-08 18:33:59,29.19,2670.9,0,,False,13548,False,all
chain_orb_keep_a_3_uv_bake,2026-10-08 18:34:28,21.22,4055.8,0,,False,12536,False,all
chain_orb_keep_a_4_scale,2026-10-08 18:34:49,0.78,503.2,0,,False,15831,False,all
chain_orb_keep_a_5_place,2026-10-08 18:34:51,0.77,505.3,0,,False,15769,False,all
chain_orb_keep_b_1_repair,2026-10-08 18:34:52,26.97,3478.2,0,,False,11399,False,all
chain_orb_keep_b_2_reduce,2026-10-08 18:35:26,30.66,2683.4,0,,False,10872,False,all
chain_orb_keep_b_3_uv_bake,2026-10-08 18:35:57,21.62,4076.6,0,,False,12131,False,all
chain_orb_keep_b_4_scale,2026-10-08 18:36:19,1.17,526.3,0,,False,15036,False,all
chain_orb_keep_b_5_place,2026-10-08 18:36:21,1.09,507.1,0,,False,14859,False,all
chain_crate_keep1t_a_1_repair,2026-10-08 18:00:25,23.54,3130.0,0,,False,13206,False,all
chain_crate_keep1t_a_2_reduce,2026-10-08 18:00:55,26.53,2436.1,0,,False,13592,False,all
chain_crate_keep1t_a_3_uv_bake,2026-10-08 18:01:21,51.1,3233.9,0,,False,13114,False,1
chain_crate_keep1t_a_4_scale,2026-10-08 18:02:13,0.88,511.5,0,,False,15813,False,all
chain_crate_keep1t_a_5_place,2026-10-08 18:02:14,0.86,521.2,0,,False,15763,False,all
chain_crate_keep1t_b_1_repair,2026-10-08 18:02:16,24.36,3179.8,0,,False,13156,False,all
chain_crate_keep1t_b_2_reduce,2026-10-08 18:02:46,29.62,2437.3,0,,False,10868,False,all
chain_crate_keep1t_b_3_uv_bake,2026-10-08 18:03:16,52.42,3228.0,0,,False,11535,False,1
chain_crate_keep1t_b_4_scale,2026-10-08 18:04:08,0.89,553.7,0,,False,15079,False,all
chain_crate_keep1t_b_5_place,2026-10-08 18:04:10,0.87,517.7,0,,False,15083,False,all
chain_crate_keep_a_1_repair,2026-10-08 17:36:51,26.26,3171.6,0,,False,11042,False,all
chain_crate_keep_a_2_reduce,2026-10-08 17:37:26,26.0,2399.0,0,,False,11264,False,all
chain_crate_keep_a_3_uv_bake,2026-10-08 17:37:52,26.97,3799.7,0,,False,8899,False,all
chain_crate_keep_a_4_scale,2026-10-08 17:38:20,0.87,509.7,0,,False,12872,False,all
chain_crate_keep_a_5_place,2026-10-08 17:38:21,0.87,513.3,0,,False,12887,False,all
chain_crate_keep_b_1_repair,2026-10-08 17:38:22,27.65,3388.1,0,,False,9532,False,all
chain_crate_keep_b_2_reduce,2026-10-08 17:38:56,26.34,2384.7,0,,False,10923,False,all
chain_crate_keep_b_3_uv_bake,2026-10-08 17:39:23,23.68,3739.9,0,,False,9853,False,all
chain_crate_keep_b_4_scale,2026-10-08 17:39:47,0.85,509.3,0,,False,12903,False,all
chain_crate_keep_b_5_place,2026-10-08 17:39:48,0.82,529.7,0,,False,12916,False,all
chain_crate_keep_c_1_repair,2026-10-08 17:47:35,25.64,3349.8,0,,False,9722,False,all
chain_crate_keep_c_2_reduce,2026-10-08 17:48:06,27.32,2346.2,0,,False,10330,False,all
chain_crate_keep_c_3_uv_bake,2026-10-08 17:48:34,24.48,3713.4,0,,False,9290,False,all
chain_crate_keep_c_4_scale,2026-10-08 17:48:58,0.79,507.8,0,,False,12429,False,all
chain_crate_keep_c_5_place,2026-10-08 17:49:00,0.79,529.8,0,,False,12360,False,all
chain_crate_smart_a_1_repair,2026-10-08 17:44:37,25.19,3439.3,0,,False,10344,False,all
chain_crate_smart_a_2_reduce,2026-10-08 17:45:09,29.76,2326.7,0,,False,9412,False,all
chain_crate_smart_a_3_uv_bake,2026-10-08 17:45:39,22.04,3740.7,0,,False,8534,False,all
chain_crate_smart_a_4_scale,2026-10-08 17:46:02,0.88,505.9,0,,False,11424,False,all
chain_crate_smart_a_5_place,2026-10-08 17:46:03,0.85,541.5,0,,False,11389,False,all
chain_crate_smart_b_1_repair,2026-10-08 17:46:04,26.61,3020.3,0,,False,8961,False,all
chain_crate_smart_b_2_reduce,2026-10-08 17:46:38,29.93,2328.9,0,,False,9316,False,all
chain_crate_smart_b_3_uv_bake,2026-10-08 17:47:08,23.69,3726.7,0,,False,8620,False,all
chain_crate_smart_b_4_scale,2026-10-08 17:47:32,0.91,505.3,0,,False,11716,False,all
chain_crate_smart_b_5_place,2026-10-08 17:47:33,0.88,503.4,0,,False,11704,False,all
chain_orb_keep1t_a_1_repair,2026-10-08 17:56:34,24.21,3475.3,0,,False,12885,False,all
chain_orb_keep1t_a_2_reduce,2026-10-08 17:57:05,26.35,2695.5,0,,False,13450,False,all
chain_orb_keep1t_a_3_uv_bake,2026-10-08 17:57:31,51.74,3502.5,0,,False,13016,False,1
chain_orb_keep1t_a_4_scale,2026-10-08 17:58:23,0.88,517.2,0,,False,15906,False,all
chain_orb_keep1t_a_5_place,2026-10-08 17:58:25,0.88,511.1,0,,False,15861,False,all
chain_orb_keep1t_b_1_repair,2026-10-08 17:58:26,24.91,3491.2,0,,False,12979,False,all
chain_orb_keep1t_b_2_reduce,2026-10-08 17:58:58,28.37,2685.4,0,,False,13058,False,all
chain_orb_keep1t_b_3_uv_bake,2026-10-08 17:59:27,54.86,3505.2,0,,False,12999,False,1
chain_orb_keep1t_b_4_scale,2026-10-08 18:00:22,0.97,507.8,0,,False,15853,False,all
chain_orb_keep1t_b_5_place,2026-10-08 18:00:23,0.92,510.1,0,,False,15801,False,all
chain_orb_keep_a_1_repair,2026-10-08 17:39:55,29.54,3392.8,0,,False,9245,False,all
chain_orb_keep_a_2_reduce,2026-10-08 17:40:31,30.9,2575.3,0,,False,9448,False,all
chain_orb_keep_a_3_uv_bake,2026-10-08 17:41:03,25.57,4046.9,0,,False,9221,False,all
chain_orb_keep_a_4_scale,2026-10-08 17:41:28,0.88,530.8,0,,False,12817,False,all
chain_orb_keep_a_5_place,2026-10-08 17:41:30,0.85,516.1,0,,False,12791,False,all
chain_orb_keep_b_1_repair,2026-10-08 17:41:31,30.25,3378.4,0,,False,7952,False,all
chain_orb_keep_b_2_reduce,2026-10-08 17:42:08,31.43,2568.5,0,,False,8236,False,all
chain_orb_keep_b_3_uv_bake,2026-10-08 17:42:40,23.54,4034.0,0,,False,10132,False,all
chain_orb_keep_b_4_scale,2026-10-08 17:43:03,0.81,506.5,0,,False,13623,False,all
chain_orb_keep_b_5_place,2026-10-08 17:43:05,0.8,516.5,0,,False,13596,False,all
chain_orb_keep_c_1_repair,2026-10-08 17:43:06,27.78,3380.4,0,,False,9466,False,all
chain_orb_keep_c_2_reduce,2026-10-08 17:43:41,29.75,2569.8,0,,False,9368,False,all
chain_orb_keep_c_3_uv_bake,2026-10-08 17:44:10,23.35,4043.7,0,,False,9950,False,all
chain_orb_keep_c_4_scale,2026-10-08 17:44:34,1.27,503.3,0,,False,13088,False,all
chain_orb_keep_c_5_place,2026-10-08 17:44:36,0.86,531.4,0,,False,12952,False,all
det_cpu2048_1,2026-10-08 16:54:10,18.14,3535.4,0,,False,12099,False,all
det_cpu2048_2,2026-10-08 16:54:28,17.83,3548.8,0,,False,11910,False,all
det_cpu2048_3,2026-10-08 16:54:46,19.24,3576.7,0,,False,12461,False,all
det_cpu2048_t1_1,2026-10-08 16:51:54,45.9,3046.0,0,,False,12466,False,1
det_cpu2048_t1_2,2026-10-08 16:52:40,44.95,3029.0,0,,False,12610,False,1
det_cpu2048_t1_3,2026-10-08 16:53:25,44.73,3037.0,0,,False,12659,False,1
det_cpu_t1_a,2026-10-08 16:47:47,36.86,2807.3,0,,False,12848,False,1
det_cpu_t1_b,2026-10-08 16:48:24,36.83,2798.0,0,,False,12891,False,1
det_gpu2048_1,2026-10-08 16:50:00,18.17,3670.8,0,,False,12137,False,all
det_gpu2048_2,2026-10-08 16:50:19,18.24,3635.5,0,,False,12097,False,all
det_gpu2048_3,2026-10-08 16:50:37,18.27,3647.1,0,,False,12030,False,all
det_gpu2048_4,2026-10-08 16:50:55,18.68,3633.4,0,,False,12032,False,all
det_gpu2048_5,2026-10-08 16:51:14,19.13,3694.0,0,,False,11715,False,all
det_gpu2048_6,2026-10-08 16:51:34,20.18,3678.7,0,,False,12022,False,all
det_gpu2048_m0_1,2026-10-08 16:55:06,18.56,3663.8,0,,False,12479,False,all
det_gpu2048_m0_2,2026-10-08 16:55:25,18.2,3663.2,0,,False,12633,False,all
det_gpu2048_m0_3,2026-10-08 16:55:43,18.26,3699.2,0,,False,12536,False,all
det_gpu_a,2026-10-08 16:49:01,17.4,3118.8,0,,False,12570,False,all
det_gpu_b,2026-10-08 16:49:19,16.69,3098.6,0,,False,12631,False,all
det_gpu_c,2026-10-08 16:49:36,15.36,3098.0,0,,False,12593,False,all
det_gpu_ext_a,2026-10-08 16:47:14,16.91,3104.0,0,,False,12493,False,all
det_gpu_ext_b,2026-10-08 16:47:31,16.26,3124.8,0,,False,12522,False,all
det_gpu_m0_a,2026-10-08 16:46:42,15.93,3109.3,0,,False,12477,False,all
det_gpu_m0_b,2026-10-08 16:46:58,15.74,3131.2,0,,False,12207,False,all
det_orb_cpu_1,2026-10-08 17:52:59,20.03,3960.2,0,,False,12742,False,all
det_orb_cpu_2,2026-10-08 17:53:19,20.09,3960.4,0,,False,12816,False,all
det_orb_cpu_3,2026-10-08 17:53:40,20.07,3962.0,0,,False,12673,False,all
det_orb_cpu_t1_1,2026-10-08 17:49:26,53.72,3507.9,0,,False,11053,False,1
det_orb_cpu_t1_2,2026-10-08 17:50:20,54.56,3472.2,0,,False,11120,False,1
det_orb_cpu_t1_3,2026-10-08 17:51:15,53.9,3489.2,0,,False,12215,False,1
det_orb_cpu_t1_4,2026-10-08 17:52:09,49.9,3499.4,0,,False,12960,False,1
det_orb_otn_1,2026-10-08 17:54:13,26.24,4089.9,0,,False,12678,False,all
det_orb_otn_2,2026-10-08 17:54:39,26.23,4076.9,0,,False,12629,False,all
det_orb_otn_3,2026-10-08 17:55:06,26.14,4082.0,0,,False,12533,False,all
det_orb_otn_4,2026-10-08 17:55:32,26.06,4063.7,0,,False,12500,False,all
det_orb_otn_5,2026-10-08 17:55:58,26.45,4109.5,0,,False,12464,False,all
place_crate_collapse20k,2026-10-08 18:10:29,1.12,658.7,0,,False,14709,False,all
place_orb_collapse20k,2026-10-08 18:10:27,1.13,660.5,0,,False,14716,False,all
place_orb_collapse20k_turn90,2026-10-08 18:11:09,1.1,665.5,0,,False,14676,False,all
place_orb_dense,2026-10-08 18:10:31,9.28,2333.0,0,,False,13432,False,all
red_crate__collapse20k_clear30,2026-10-08 16:30:00,26.51,2329.4,0,,False,16046,False,all
red_crate__collapse20k_nomerge,2026-10-08 16:29:34,25.9,2326.3,0,,False,15919,False,all
red_crate__collapse20k_r1,2026-10-08 16:23:52,36.6,2348.7,0,,False,15736,False,all
red_crate__collapse20k_r2,2026-10-08 16:24:43,25.9,2327.1,0,,False,15872,False,all
red_crate__collapse20k_r3,2026-10-08 16:25:09,26.23,2319.2,0,,False,15880,False,all
red_crate__collapse20k_r4,2026-10-08 17:11:34,27.24,2431.2,0,,False,12491,False,all
red_crate__collapse20k_r5,2026-10-08 17:12:02,27.45,2440.9,0,,False,9936,False,all
red_crate__collapse20k_seams0.01,2026-10-08 17:10:25,32.15,2468.5,0,,False,9935,False,all
red_crate__collapse20k_seams0.1,2026-10-08 17:10:58,35.21,2466.8,0,,False,12455,False,all
red_crate__collapse20k_seams1,2026-10-08 16:27:33,30.53,2372.8,0,,False,14174,False,all
red_crate__collapse20k_seams10,2026-10-08 16:28:04,30.5,2354.7,0,,False,13692,False,all
red_crate__collapse20k_seams100,2026-10-08 16:28:35,27.77,2373.8,0,,False,16414,False,all
red_crate__collapse20k_steps3,2026-10-08 16:26:32,28.49,2358.6,0,,False,13885,False,all
red_crate__collapse20k_steps6,2026-10-08 16:27:01,31.56,2390.6,0,,False,13872,False,all
red_crate__collapse20k_weld1e-4,2026-10-08 16:30:27,26.16,2337.6,0,,False,16427,False,all
red_crate__collapse5k_r1,2026-10-08 16:25:36,25.75,2327.6,0,,False,15895,False,all
red_crate__collapse5k_r2,2026-10-08 16:26:02,29.64,2325.5,0,,False,15289,False,all
red_crate__collapse5k_seams10,2026-10-08 16:29:04,29.85,2375.3,0,,False,15405,False,all
red_crate__planar1_uv,2026-10-08 17:45:02,397.87,2270.0,0,,False,8527,False,all
red_crate__planar5_uv,2026-10-08 16:30:54,858.92,2235.4,0,,False,10263,False,all
red_crate__quadriflow,2026-10-08 17:51:40,5.24,1470.2,1,,False,12781,False,all
red_crate__quadriflow_on_collapse20k,2026-10-08 18:04:27,0.71,446.8,1,,False,15042,False,all
red_crate__quadriflow_on_repaired,2026-10-08 18:04:22,4.9,1577.7,1,,False,13736,False,all
red_crate__quadriflow_on_voxel4mm,2026-10-08 18:04:28,0.71,445.4,1,,False,14985,False,all
red_crate__unsubdiv2,2026-10-08 17:12:30,34.79,2545.0,0,,False,8392,False,all
red_crate__voxel2mm,2026-10-08 17:13:47,72.28,3389.2,0,,False,4814,False,all
red_crate__voxel4mm,2026-10-08 17:13:05,19.66,1473.3,0,,False,9824,False,all
red_crate__voxel4mm_r2,2026-10-08 17:13:27,17.81,1509.6,0,,False,9664,False,all
red_orb__collapse20k_clear30,2026-10-08 17:03:28,39.56,2516.3,0,,False,9735,False,all
red_orb__collapse20k_nomerge,2026-10-08 17:02:56,30.43,2604.4,0,,False,10921,False,all
red_orb__collapse20k_r1,2026-10-08 16:56:56,27.68,2629.4,0,,False,15392,False,all
red_orb__collapse20k_r2,2026-10-08 16:57:24,27.46,2627.8,0,,False,15381,False,all
red_orb__collapse20k_r3,2026-10-08 16:57:52,27.56,2636.8,0,,False,15351,False,all
red_orb__collapse20k_r4,2026-10-08 17:06:00,37.03,2551.9,0,,False,9087,False,all
red_orb__collapse20k_r5,2026-10-08 17:06:38,37.97,2544.3,0,,False,9685,False,all
red_orb__collapse20k_seams0.01,2026-10-08 17:04:45,34.98,2625.9,0,,False,9870,False,all
red_orb__collapse20k_seams0.1,2026-10-08 17:05:21,38.7,2632.5,0,,False,9615,False,all
red_orb__collapse20k_seams1,2026-10-08 17:00:24,40.12,2677.1,0,,False,9412,False,all
red_orb__collapse20k_seams10,2026-10-08 17:01:05,34.56,2697.8,0,,False,11131,False,all
red_orb__collapse20k_seams100,2026-10-08 17:01:40,36.4,2653.9,0,,False,11214,False,all
red_orb__collapse20k_steps3,2026-10-08 16:59:18,30.17,2692.8,0,,False,13804,False,all
red_orb__collapse20k_steps6,2026-10-08 16:59:48,35.36,2648.8,0,,False,12084,False,all
red_orb__collapse20k_weld1e-4,2026-10-08 17:04:08,36.96,2590.9,0,,False,9677,False,all
red_orb__collapse5k_r1,2026-10-08 16:58:20,27.43,2641.6,0,,False,15367,False,all
red_orb__collapse5k_r2,2026-10-08 16:58:48,29.18,2633.7,0,,False,14525,False,all
red_orb__collapse5k_seams10,2026-10-08 17:02:17,38.94,2642.3,0,,False,8701,False,all
red_orb__planar5_uv,2026-10-08 17:09:23,55.41,2515.1,0,,False,9224,False,all
red_orb__quadriflow,2026-10-08 17:10:19,5.49,1377.5,1,,False,12487,False,all
red_orb__quadriflow_on_collapse20k,2026-10-08 18:04:29,8.81,893.5,0,,False,13758,False,all
red_orb__quadriflow_on_voxel4mm,2026-10-08 18:04:38,8.16,926.9,0,,False,12478,False,all
red_orb__quadriflow_on_voxel4mm_again,2026-10-08 18:04:46,7.98,912.7,0,,False,12385,False,all
red_orb__unsubdiv2,2026-10-08 17:07:17,43.14,2675.8,0,,False,9271,False,all
red_orb__voxel2mm,2026-10-08 17:08:43,35.47,2179.8,0,,False,10215,False,all
red_orb__voxel4mm,2026-10-08 17:08:00,15.69,1458.7,0,,False,10490,False,all
red_orb__voxel4mm_r2,2026-10-08 17:08:22,15.47,1477.7,0,,False,11806,False,all
rep_crate_h31_default__all_keep,2026-10-08 16:13:22,94.45,4286.1,0,,False,14779,False,all
rep_crate_h31_default__hidden,2026-10-08 17:27:33,17.48,2786.4,0,,False,11203,False,all
rep_crate_h31_default__recalc_clear,2026-10-08 16:16:37,36.5,3828.2,0,,False,14696,False,all
rep_crate_h31_default__weld_degen1e-5,2026-10-08 16:15:27,40.44,3625.6,0,,False,15358,False,all
rep_crate_p1_tri_req20000__all,2026-10-08 16:10:36,1.29,440.6,0,,False,18905,False,all
rep_crate_p1_tri_req20000__clear0,2026-10-08 16:10:33,0.88,447.2,0,,False,18859,False,all
rep_crate_p1_tri_req20000__clear30,2026-10-08 16:10:32,0.84,466.2,0,,False,18885,False,all
rep_crate_p1_tri_req20000__degen1e-3,2026-10-08 16:10:23,1.02,468.4,0,,False,18802,False,all
rep_crate_p1_tri_req20000__degen1e-4,2026-10-08 16:10:22,0.91,442.3,0,,False,18818,False,all
rep_crate_p1_tri_req20000__hidden,2026-10-08 17:27:23,0.88,447.9,0,,False,13500,False,all
rep_crate_p1_tri_req20000__holes4,2026-10-08 16:10:34,0.95,435.9,0,,False,18882,False,all
rep_crate_p1_tri_req20000__holes_all,2026-10-08 16:10:35,0.95,439.8,0,,False,18912,False,all
rep_crate_p1_tri_req20000__loose,2026-10-08 16:10:24,0.95,437.3,0,,False,18773,False,all
rep_crate_p1_tri_req20000__pieces_area01pc,2026-10-08 16:10:28,0.97,444.4,0,,False,18821,False,all
rep_crate_p1_tri_req20000__pieces_area1pc,2026-10-08 16:10:27,0.98,421.8,0,,False,18838,False,all
rep_crate_p1_tri_req20000__pieces_tri1pc,2026-10-08 16:10:26,1.03,421.8,0,,False,18778,False,all
rep_crate_p1_tri_req20000__recalc_clear,2026-10-08 16:10:31,0.93,423.5,0,,False,18883,False,all
rep_crate_p1_tri_req20000__recalc_keep,2026-10-08 16:10:29,0.95,456.4,0,,False,18838,False,all
rep_crate_p1_tri_req20000__weld1e-2,2026-10-08 16:10:21,0.82,475.2,0,,False,18875,False,all
rep_crate_p1_tri_req20000__weld1e-3,2026-10-08 16:10:20,0.93,424.6,0,,False,18887,False,all
rep_crate_p1_tri_req20000__weld1e-4,2026-10-08 16:10:19,0.91,442.2,0,,False,18923,False,all
rep_crate_p2_tri_req10000__hidden,2026-10-08 17:27:25,0.8,404.7,0,,False,13488,False,all
rep_crate_p2_tri_req20000__all,2026-10-08 16:10:55,1.39,451.0,0,,False,18864,False,all
rep_crate_p2_tri_req20000__clear0,2026-10-08 16:10:51,0.86,467.2,0,,False,18962,False,all
rep_crate_p2_tri_req20000__clear30,2026-10-08 16:10:50,0.87,432.7,0,,False,18939,False,all
rep_crate_p2_tri_req20000__degen1e-3,2026-10-08 16:10:42,0.8,432.8,0,,False,19003,False,all
rep_crate_p2_tri_req20000__degen1e-4,2026-10-08 16:10:41,0.98,426.3,0,,False,18969,False,all
rep_crate_p2_tri_req20000__hidden,2026-10-08 17:27:24,0.9,440.7,0,,False,13500,False,all
rep_crate_p2_tri_req20000__holes4,2026-10-08 16:10:53,1.02,438.3,0,,False,18870,False,all
rep_crate_p2_tri_req20000__holes_all,2026-10-08 16:10:54,0.99,438.7,0,,False,18950,False,all
rep_crate_p2_tri_req20000__loose,2026-10-08 16:10:43,0.92,438.6,0,,False,18991,False,all
rep_crate_p2_tri_req20000__pieces_area01pc,2026-10-08 16:10:47,0.84,432.7,0,,False,18979,False,all
rep_crate_p2_tri_req20000__pieces_area1pc,2026-10-08 16:10:46,0.83,466.4,0,,False,18967,False,all
rep_crate_p2_tri_req20000__pieces_tri1pc,2026-10-08 16:10:44,1.02,425.5,0,,False,18915,False,all
rep_crate_p2_tri_req20000__recalc_clear,2026-10-08 16:10:49,0.96,449.0,0,,False,18936,False,all
rep_crate_p2_tri_req20000__recalc_keep,2026-10-08 16:10:48,0.97,452.8,0,,False,18891,False,all
rep_crate_p2_tri_req20000__weld1e-2,2026-10-08 16:10:40,0.76,422.6,0,,False,18903,False,all
rep_crate_p2_tri_req20000__weld1e-3,2026-10-08 16:10:39,0.86,416.5,0,,False,18905,False,all
rep_crate_p2_tri_req20000__weld1e-4,2026-10-08 16:10:38,0.92,442.6,0,,False,18943,False,all
rep_crate_p2_tri_req20000_textured__all,2026-10-08 16:11:18,1.37,509.8,0,,False,18889,False,all
rep_crate_p2_tri_req20000_textured__clear0,2026-10-08 16:11:14,0.91,498.6,0,,False,18964,False,all
rep_crate_p2_tri_req20000_textured__clear30,2026-10-08 16:11:12,0.91,501.8,0,,False,18943,False,all
rep_crate_p2_tri_req20000_textured__degen1e-3,2026-10-08 16:11:02,0.89,491.0,0,,False,18935,False,all
rep_crate_p2_tri_req20000_textured__degen1e-4,2026-10-08 16:11:01,1.0,522.9,0,,False,18859,False,all
rep_crate_p2_tri_req20000_textured__hidden,2026-10-08 17:27:30,0.97,510.1,0,,False,13393,False,all
rep_crate_p2_tri_req20000_textured__holes4,2026-10-08 16:11:15,1.03,504.5,0,,False,18859,False,all
rep_crate_p2_tri_req20000_textured__holes_all,2026-10-08 16:11:17,1.01,509.7,0,,False,18932,False,all
rep_crate_p2_tri_req20000_textured__loose,2026-10-08 16:11:04,1.01,536.3,0,,False,18962,False,all
rep_crate_p2_tri_req20000_textured__pieces_area01pc,2026-10-08 16:11:08,0.89,494.2,0,,False,18969,False,all
rep_crate_p2_tri_req20000_textured__pieces_area1pc,2026-10-08 16:11:07,0.88,497.3,0,,False,18938,False,all
rep_crate_p2_tri_req20000_textured__pieces_tri1pc,2026-10-08 16:11:05,1.08,504.9,0,,False,18771,False,all
rep_crate_p2_tri_req20000_textured__recalc_clear,2026-10-08 16:11:11,1.02,512.9,0,,False,18865,False,all
rep_crate_p2_tri_req20000_textured__recalc_keep,2026-10-08 16:11:09,1.05,499.5,0,,False,18924,False,all
rep_crate_p2_tri_req20000_textured__weld1e-2,2026-10-08 16:11:00,0.88,491.0,0,,False,18920,False,all
rep_crate_p2_tri_req20000_textured__weld1e-3,2026-10-08 16:10:58,0.91,498.1,0,,False,18928,False,all
rep_crate_p2_tri_req20000_textured__weld1e-4,2026-10-08 16:10:57,1.06,509.6,0,,False,18884,False,all
rep_crate_p2_tri_req2000__hidden,2026-10-08 17:27:27,0.67,377.8,0,,False,13482,False,all
rep_crate_p2_tri_req5000__hidden,2026-10-08 17:27:26,0.73,386.6,0,,False,13494,False,all
rep_orb_h31_default__all_keep,2026-10-08 16:17:44,102.96,4588.5,0,,False,13621,False,all
rep_orb_h31_default__hidden,2026-10-08 17:28:14,18.2,2978.1,0,,False,10828,False,all
rep_orb_h31_default__recalc_clear,2026-10-08 16:21:25,41.79,4133.7,0,,False,13779,False,all
rep_orb_h31_default__weld_degen1e-5,2026-10-08 16:20:04,46.95,4130.6,0,,False,14142,False,all
rep_orb_p1_tri_req20000__all,2026-10-08 16:11:38,1.31,442.6,0,,False,18861,False,all
rep_orb_p1_tri_req20000__clear0,2026-10-08 16:11:34,0.82,464.6,0,,False,18909,False,all
rep_orb_p1_tri_req20000__clear30,2026-10-08 16:11:33,0.85,444.6,0,,False,18887,False,all
rep_orb_p1_tri_req20000__degen1e-3,2026-10-08 16:11:25,0.94,422.7,0,,False,18979,False,all
rep_orb_p1_tri_req20000__degen1e-4,2026-10-08 16:11:24,0.97,422.8,0,,False,18950,False,all
rep_orb_p1_tri_req20000__hidden,2026-10-08 17:27:27,1.07,488.3,0,,False,13378,False,all
rep_orb_p1_tri_req20000__holes4,2026-10-08 16:11:35,0.99,422.5,0,,False,18924,False,all
rep_orb_p1_tri_req20000__holes_all,2026-10-08 16:11:36,0.98,454.5,0,,False,18904,False,all
rep_orb_p1_tri_req20000__loose,2026-10-08 16:11:26,0.97,439.1,0,,False,18933,False,all
rep_orb_p1_tri_req20000__pieces_area01pc,2026-10-08 16:11:29,0.99,449.5,0,,False,18962,False,all
rep_orb_p1_tri_req20000__pieces_area1pc,2026-10-08 16:11:28,0.89,443.5,0,,False,18914,False,all
rep_orb_p1_tri_req20000__pieces_tri1pc,2026-10-08 16:11:27,0.89,417.8,0,,False,18945,False,all
rep_orb_p1_tri_req20000__recalc_clear,2026-10-08 16:11:32,0.92,424.2,0,,False,18956,False,all
rep_orb_p1_tri_req20000__recalc_keep,2026-10-08 16:11:31,0.93,445.3,0,,False,18959,False,all
rep_orb_p1_tri_req20000__weld1e-2,2026-10-08 16:11:23,0.85,415.8,0,,False,18947,False,all
rep_orb_p1_tri_req20000__weld1e-3,2026-10-08 16:11:21,0.93,423.0,0,,False,18949,False,all
rep_orb_p1_tri_req20000__weld1e-4,2026-10-08 16:11:20,0.93,438.7,0,,False,18946,False,all
rep_orb_p1_tri_req20000_textured__all,2026-10-08 16:12:53,1.5,512.2,0,,False,18763,False,all
rep_orb_p1_tri_req20000_textured__clear0,2026-10-08 16:12:48,0.98,511.6,0,,False,18889,False,all
rep_orb_p1_tri_req20000_textured__clear30,2026-10-08 16:12:46,0.94,510.3,0,,False,18858,False,all
rep_orb_p1_tri_req20000_textured__degen1e-3,2026-10-08 16:12:35,1.04,532.6,0,,False,18741,False,all
rep_orb_p1_tri_req20000_textured__degen1e-4,2026-10-08 16:12:33,1.07,510.3,0,,False,18778,False,all
rep_orb_p1_tri_req20000_textured__holes4,2026-10-08 16:12:49,1.03,509.9,0,,False,18696,False,all
rep_orb_p1_tri_req20000_textured__holes_all,2026-10-08 16:12:51,1.07,513.0,0,,False,18704,False,all
rep_orb_p1_tri_req20000_textured__loose,2026-10-08 16:12:37,1.04,510.5,0,,False,18802,False,all
rep_orb_p1_tri_req20000_textured__pieces_area01pc,2026-10-08 16:12:41,1.05,510.3,0,,False,18814,False,all
rep_orb_p1_tri_req20000_textured__pieces_area1pc,2026-10-08 16:12:40,0.97,550.2,0,,False,18867,False,all
rep_orb_p1_tri_req20000_textured__pieces_tri1pc,2026-10-08 16:12:38,1.01,505.8,0,,False,18895,False,all
rep_orb_p1_tri_req20000_textured__recalc_clear,2026-10-08 16:12:44,1.1,523.4,0,,False,18733,False,all
rep_orb_p1_tri_req20000_textured__recalc_keep,2026-10-08 16:12:43,1.03,513.3,0,,False,18743,False,all
rep_orb_p1_tri_req20000_textured__weld1e-2,2026-10-08 16:12:32,0.91,503.1,0,,False,18853,False,all
rep_orb_p1_tri_req20000_textured__weld1e-3,2026-10-08 16:12:30,1.03,514.3,0,,False,18778,False,all
rep_orb_p1_tri_req20000_textured__weld1e-4,2026-10-08 16:12:28,1.03,512.3,0,,False,18820,False,all
rep_orb_p2_tri_req20000__all,2026-10-08 16:11:58,1.42,438.8,0,,False,18768,False,all
rep_orb_p2_tri_req20000__clear0,2026-10-08 16:11:54,0.96,454.3,0,,False,18862,False,all
rep_orb_p2_tri_req20000__clear30,2026-10-08 16:11:53,0.96,451.5,0,,False,18835,False,all
rep_orb_p2_tri_req20000__degen1e-3,2026-10-08 16:11:44,1.07,428.2,0,,False,18844,False,all
rep_orb_p2_tri_req20000__degen1e-4,2026-10-08 16:11:43,0.95,427.5,0,,False,18930,False,all
rep_orb_p2_tri_req20000__hidden,2026-10-08 17:27:29,1.01,426.0,0,,False,13432,False,all
rep_orb_p2_tri_req20000__holes4,2026-10-08 16:11:55,1.03,431.6,0,,False,18813,False,all
rep_orb_p2_tri_req20000__holes_all,2026-10-08 16:11:57,1.08,439.0,0,,False,18811,False,all
rep_orb_p2_tri_req20000__loose,2026-10-08 16:11:45,1.02,428.6,0,,False,18782,False,all
rep_orb_p2_tri_req20000__pieces_area01pc,2026-10-08 16:11:49,0.98,421.8,0,,False,18759,False,all
rep_orb_p2_tri_req20000__pieces_area1pc,2026-10-08 16:11:48,0.95,417.5,0,,False,18769,False,all
rep_orb_p2_tri_req20000__pieces_tri1pc,2026-10-08 16:11:47,0.92,461.5,0,,False,18815,False,all
rep_orb_p2_tri_req20000__recalc_clear,2026-10-08 16:11:52,1.03,450.3,0,,False,18759,False,all
rep_orb_p2_tri_req20000__recalc_keep,2026-10-08 16:11:50,1.04,444.1,0,,False,18739,False,all
rep_orb_p2_tri_req20000__weld1e-2,2026-10-08 16:11:42,0.87,450.5,0,,False,18967,False,all
rep_orb_p2_tri_req20000__weld1e-3,2026-10-08 16:11:41,1.02,426.6,0,,False,18914,False,all
rep_orb_p2_tri_req20000__weld1e-4,2026-10-08 16:11:39,1.0,496.7,0,,False,18923,False,all
rep_orb_p2_tri_req20000_textured__all,2026-10-08 16:12:26,1.56,531.9,0,,False,18791,False,all
rep_orb_p2_tri_req20000_textured__clear0,2026-10-08 16:12:20,1.02,507.8,0,,False,18824,False,all
rep_orb_p2_tri_req20000_textured__clear30,2026-10-08 16:12:18,0.99,510.1,0,,False,18935,False,all
rep_orb_p2_tri_req20000_textured__degen1e-3,2026-10-08 16:12:07,1.11,532.9,0,,False,18604,False,all
rep_orb_p2_tri_req20000_textured__degen1e-4,2026-10-08 16:12:05,1.1,514.4,0,,False,18594,False,all
rep_orb_p2_tri_req20000_textured__hidden,2026-10-08 17:27:31,1.13,509.1,0,,False,13293,False,all
rep_orb_p2_tri_req20000_textured__holes4,2026-10-08 16:12:22,1.09,508.9,0,,False,18762,False,all
rep_orb_p2_tri_req20000_textured__holes_all,2026-10-08 16:12:24,1.17,521.3,0,,False,18804,False,all
rep_orb_p2_tri_req20000_textured__loose,2026-10-08 16:12:08,1.15,522.4,0,,False,18709,False,all
rep_orb_p2_tri_req20000_textured__pieces_area01pc,2026-10-08 16:12:13,1.05,508.8,0,,False,18816,False,all
rep_orb_p2_tri_req20000_textured__pieces_area1pc,2026-10-08 16:12:12,1.03,515.4,0,,False,18796,False,all
rep_orb_p2_tri_req20000_textured__pieces_tri1pc,2026-10-08 16:12:10,0.98,502.3,0,,False,18866,False,all
rep_orb_p2_tri_req20000_textured__recalc_clear,2026-10-08 16:12:17,1.1,513.1,0,,False,18761,False,all
rep_orb_p2_tri_req20000_textured__recalc_keep,2026-10-08 16:12:15,1.13,517.6,0,,False,18784,False,all
rep_orb_p2_tri_req20000_textured__weld1e-2,2026-10-08 16:12:03,0.98,518.0,0,,False,18808,False,all
rep_orb_p2_tri_req20000_textured__weld1e-3,2026-10-08 16:12:02,1.09,525.2,0,,False,18670,False,all
rep_orb_p2_tri_req20000_textured__weld1e-4,2026-10-08 16:12:00,1.13,514.3,0,,False,18692,False,all
rt_crate_h31_default_again,2026-10-08 16:05:07,8.22,1956.2,0,,False,17536,False,all
rt_crate_h31_default_default,2026-10-08 16:04:40,8.25,1983.5,0,,False,17559,False,all
rt_crate_h31_default_nomerge,2026-10-08 16:05:27,7.51,1950.8,0,,False,17450,False,all
rt_crate_h31_default_smooth,2026-10-08 16:05:45,6.27,1773.5,0,,False,17780,False,all
rt_crate_h31_default_tangents,2026-10-08 16:06:03,9.87,2455.6,0,,False,16671,False,all
rt_crate_h31_default_webp,2026-10-08 16:06:25,14.5,2011.5,0,,False,16722,False,all
rt_crate_p1_tri_req20000_clear,2026-10-08 16:04:01,0.67,376.2,0,,False,18588,False,all
rt_crate_p1_tri_req20000_default,2026-10-08 16:03:59,0.66,380.6,0,,False,18535,False,all
rt_crate_p1_tri_req20000_nomerge,2026-10-08 16:04:00,0.67,378.8,0,,False,18603,False,all
rt_crate_p1_tri_req20000_smooth,2026-10-08 16:04:00,0.66,373.5,0,,False,18561,False,all
rt_crate_p2_tri_req10000_clear,2026-10-08 16:04:27,0.63,389.9,0,,False,18743,False,all
rt_crate_p2_tri_req10000_default,2026-10-08 16:04:25,0.64,391.1,0,,False,18705,False,all
rt_crate_p2_tri_req10000_nomerge,2026-10-08 16:04:26,0.65,391.0,0,,False,18712,False,all
rt_crate_p2_tri_req10000_smooth,2026-10-08 16:04:26,0.63,378.8,0,,False,18752,False,all
rt_crate_p2_tri_req20000_clear,2026-10-08 16:03:58,0.65,384.2,0,,False,18545,False,all
rt_crate_p2_tri_req20000_default,2026-10-08 16:03:55,0.66,385.5,0,,False,18619,False,all
rt_crate_p2_tri_req20000_nomerge,2026-10-08 16:03:56,0.65,386.3,0,,False,18639,False,all
rt_crate_p2_tri_req20000_smartuv_clear,2026-10-08 16:04:15,0.64,394.2,0,,False,18661,False,all
rt_crate_p2_tri_req20000_smartuv_default,2026-10-08 16:04:13,0.64,389.1,0,,False,18614,False,all
rt_crate_p2_tri_req20000_smartuv_nomerge,2026-10-08 16:04:14,0.68,388.6,0,,False,18639,False,all
rt_crate_p2_tri_req20000_smartuv_smooth,2026-10-08 16:04:15,0.63,384.3,0,,False,18653,False,all
rt_crate_p2_tri_req20000_smooth,2026-10-08 16:03:57,0.62,381.7,0,,False,18618,False,all
rt_crate_p2_tri_req20000_textured_clear,2026-10-08 16:04:12,0.72,464.9,0,,False,18636,False,all
rt_crate_p2_tri_req20000_textured_default,2026-10-08 16:04:09,0.73,464.1,0,,False,18633,False,all
rt_crate_p2_tri_req20000_textured_nomerge,2026-10-08 16:04:10,0.78,466.3,0,,False,18662,False,all
rt_crate_p2_tri_req20000_textured_smooth,2026-10-08 16:04:11,0.7,459.1,0,,False,18626,False,all
rt_crate_p2_tri_req2000_clear,2026-10-08 16:04:33,0.64,375.0,0,,False,18740,False,all
rt_crate_p2_tri_req2000_default,2026-10-08 16:04:31,0.62,373.5,0,,False,18703,False,all
rt_crate_p2_tri_req2000_nomerge,2026-10-08 16:04:31,0.61,374.9,0,,False,18729,False,all
rt_crate_p2_tri_req2000_smooth,2026-10-08 16:04:32,0.6,379.1,0,,False,18736,False,all
rt_crate_p2_tri_req5000_clear,2026-10-08 16:04:30,0.6,375.4,0,,False,18695,False,all
rt_crate_p2_tri_req5000_default,2026-10-08 16:04:28,0.61,374.6,0,,False,18715,False,all
rt_crate_p2_tri_req5000_nomerge,2026-10-08 16:04:29,0.6,375.5,0,,False,18732,False,all
rt_crate_p2_tri_req5000_smooth,2026-10-08 16:04:29,0.61,376.9,0,,False,18702,False,all
rt_orb_h31_default_again,2026-10-08 16:07:13,13.56,2031.4,0,,False,16854,False,all
rt_orb_h31_default_default,2026-10-08 16:06:51,9.26,2019.8,0,,False,17250,False,all
rt_orb_h31_default_nomerge,2026-10-08 16:07:39,8.8,2017.7,0,,False,17775,False,all
rt_orb_h31_default_smooth,2026-10-08 16:08:00,7.31,1887.4,0,,False,17823,False,all
rt_orb_h31_default_tangents,2026-10-08 16:08:20,11.3,2615.0,0,,False,17103,False,all
rt_orb_h31_default_webp,2026-10-08 16:08:43,12.27,2071.8,0,,False,17497,False,all
rt_orb_p1_tri_req20000_clear,2026-10-08 16:04:08,0.66,382.6,0,,False,18641,False,all
rt_orb_p1_tri_req20000_default,2026-10-08 16:04:05,0.69,385.0,0,,False,18557,False,all
rt_orb_p1_tri_req20000_nomerge,2026-10-08 16:04:06,0.64,383.1,0,,False,18619,False,all
rt_orb_p1_tri_req20000_smooth,2026-10-08 16:04:07,0.63,379.3,0,,False,18634,False,all
rt_orb_p1_tri_req20000_textured_clear,2026-10-08 16:04:24,0.75,470.3,0,,False,18690,False,all
rt_orb_p1_tri_req20000_textured_default,2026-10-08 16:04:20,0.73,465.6,0,,False,18645,False,all
rt_orb_p1_tri_req20000_textured_nomerge,2026-10-08 16:04:22,0.77,474.3,0,,False,18609,False,all
rt_orb_p1_tri_req20000_textured_smooth,2026-10-08 16:04:23,0.75,468.3,0,,False,18550,False,all
rt_orb_p2_tri_req20000_clear,2026-10-08 16:04:05,0.69,383.1,0,,False,18581,False,all
rt_orb_p2_tri_req20000_default,2026-10-08 16:04:02,0.66,373.1,0,,False,18518,False,all
rt_orb_p2_tri_req20000_nomerge,2026-10-08 16:04:03,0.69,371.6,0,,False,18468,False,all
rt_orb_p2_tri_req20000_smooth,2026-10-08 16:04:04,0.63,377.8,0,,False,18522,False,all
rt_orb_p2_tri_req20000_textured_clear,2026-10-08 16:04:19,0.73,473.6,0,,False,18607,False,all
rt_orb_p2_tri_req20000_textured_default,2026-10-08 16:04:16,0.73,473.9,0,,False,18621,False,all
rt_orb_p2_tri_req20000_textured_nomerge,2026-10-08 16:04:17,0.76,475.6,0,,False,18634,False,all
rt_orb_p2_tri_req20000_textured_smooth,2026-10-08 16:04:18,0.72,463.7,0,,False,18623,False,all
scale_crate_collapse20k,2026-10-08 18:10:20,1.2,659.4,0,,False,14632,False,all
scale_crate_dense,2026-10-08 18:09:16,7.04,1922.3,0,,False,12989,False,all
scale_orb_collapse20k,2026-10-08 18:10:22,1.31,656.7,0,,False,14757,False,all
scale_orb_dense,2026-10-08 18:09:48,7.69,2049.5,0,,False,13325,False,all
scale_orb_p2_textured,2026-10-08 18:10:24,1.03,495.0,0,,False,14881,False,all
scale_twice_orb,2026-10-08 18:10:25,1.25,659.2,0,,False,14840,False,all
tripo_crate_p1_tri_req20000__raw_bake_autocage,2026-10-08 17:29:33,21.22,3656.0,0,,False,10750,False,all
tripo_crate_p1_tri_req20000__raw_bake_cage30mm,2026-10-08 17:29:13,18.61,3638.2,0,,False,10575,False,all
tripo_crate_p1_tri_req20000__repaired,2026-10-08 17:29:56,1.25,452.8,0,,False,13822,False,all
tripo_crate_p1_tri_req20000__repaired_bake_autocage,2026-10-08 17:30:16,19.41,3666.2,0,,False,10816,False,all
tripo_crate_p1_tri_req20000__repaired_bake_autocage_sharp30,2026-10-08 17:30:36,19.17,3663.9,0,,False,10942,False,all
tripo_crate_p1_tri_req20000__repaired_bake_cage30mm,2026-10-08 17:29:57,17.39,3589.0,0,,False,10896,False,all
tripo_crate_p2_tri_req20000__raw_bake_autocage,2026-10-08 17:31:15,20.14,3644.2,0,,False,10934,False,all
tripo_crate_p2_tri_req20000__raw_bake_cage30mm,2026-10-08 17:30:57,17.41,3600.9,0,,False,11132,False,all
tripo_crate_p2_tri_req20000__repaired,2026-10-08 17:31:37,1.15,456.1,0,,False,13977,False,all
tripo_crate_p2_tri_req20000__repaired_bake_autocage,2026-10-08 17:31:56,18.87,3662.3,0,,False,10978,False,all
tripo_crate_p2_tri_req20000__repaired_bake_autocage_sharp30,2026-10-08 17:32:16,19.1,3672.2,0,,False,11016,False,all
tripo_crate_p2_tri_req20000__repaired_bake_cage30mm,2026-10-08 17:31:38,16.88,3593.7,0,,False,10931,False,all
tripo_orb_p1_tri_req20000__raw_bake_autocage,2026-10-08 17:32:56,22.29,3892.1,0,,False,10541,False,all
tripo_orb_p1_tri_req20000__raw_bake_cage30mm,2026-10-08 17:32:36,18.57,3838.2,0,,False,10510,False,all
tripo_orb_p1_tri_req20000__repaired,2026-10-08 17:33:20,1.45,441.2,0,,False,13810,False,all
tripo_orb_p1_tri_req20000__repaired_bake_autocage,2026-10-08 17:33:42,23.36,3945.4,0,,False,10192,False,all
tripo_orb_p1_tri_req20000__repaired_bake_autocage_sharp30,2026-10-08 17:34:07,22.88,3969.3,0,,False,10374,False,all
tripo_orb_p1_tri_req20000__repaired_bake_cage30mm,2026-10-08 17:33:22,18.95,3909.3,0,,False,10433,False,all
tripo_orb_p2_tri_req20000__raw_bake_autocage,2026-10-08 17:34:51,22.05,3944.0,0,,False,10598,False,all
tripo_orb_p2_tri_req20000__raw_bake_cage30mm,2026-10-08 17:34:31,18.62,3872.6,0,,False,10777,False,all
tripo_orb_p2_tri_req20000__repaired,2026-10-08 17:35:14,1.5,460.3,0,,False,13658,False,all
tripo_orb_p2_tri_req20000__repaired_bake_autocage,2026-10-08 17:35:37,22.91,3863.7,0,,False,10518,False,all
tripo_orb_p2_tri_req20000__repaired_bake_autocage_sharp30,2026-10-08 17:36:01,25.08,3907.0,0,,False,9442,False,all
tripo_orb_p2_tri_req20000__repaired_bake_cage30mm,2026-10-08 17:35:16,19.11,3840.8,0,,False,10644,False,all
uv_crate_20k__keep,2026-10-08 16:30:01,1.22,615.2,0,,False,17574,False,all
uv_crate_20k__keep_concave_add1,2026-10-08 17:00:58,5.63,646.4,0,,False,10283,False,all
uv_crate_20k__sharp30,2026-10-08 16:29:56,3.19,639.1,0,,False,15964,False,all
uv_crate_20k__sharp60,2026-10-08 16:29:59,1.67,691.7,0,,False,17910,False,all
uv_crate_20k__smart20,2026-10-08 16:29:28,1.4,623.4,0,,False,15664,False,all
uv_crate_20k__smart30,2026-10-08 16:29:30,1.37,617.7,0,,False,15725,False,all
uv_crate_20k__smart45,2026-10-08 16:29:32,1.32,635.8,0,,False,16242,False,all
uv_crate_20k__smart45_concave,2026-10-08 16:29:52,3.31,619.9,0,,False,15950,False,all
uv_crate_20k__smart66,2026-10-08 16:29:34,1.43,639.8,0,,False,17446,False,all
uv_crate_20k__smart66_aabb,2026-10-08 16:29:50,1.24,622.4,0,,False,15950,False,all
uv_crate_20k__smart66_add1,2026-10-08 17:01:07,1.44,662.7,0,,False,12190,False,all
uv_crate_20k__smart66_add1_concave,2026-10-08 17:01:04,3.04,650.4,0,,False,10438,False,all
uv_crate_20k__smart66_concave,2026-10-08 16:29:46,3.13,622.2,0,,False,15928,False,all
uv_crate_20k__smart66_m0,2026-10-08 16:29:40,1.22,624.5,0,,False,16129,False,all
uv_crate_20k__smart66_m001,2026-10-08 16:29:41,1.21,618.3,0,,False,16113,False,all
uv_crate_20k__smart66_m01,2026-10-08 16:29:43,1.22,615.5,0,,False,16119,False,all
uv_crate_20k__smart66_m03,2026-10-08 16:29:45,1.21,613.1,0,,False,16109,False,all
uv_crate_20k__smart80,2026-10-08 16:29:36,1.22,623.3,0,,False,17462,False,all
uv_crate_20k__smart89,2026-10-08 16:29:38,1.21,618.7,0,,False,17164,False,all
uv_crate_5k__keep,2026-10-08 16:30:28,1.09,607.0,0,,False,17921,False,all
uv_crate_5k__sharp30,2026-10-08 16:30:24,2.41,589.5,0,,False,16076,False,all
uv_crate_5k__sharp60,2026-10-08 16:30:26,1.12,645.1,0,,False,16528,False,all
uv_crate_5k__smart20,2026-10-08 16:30:03,1.12,590.0,0,,False,17198,False,all
uv_crate_5k__smart30,2026-10-08 16:30:05,1.1,581.5,0,,False,16288,False,all
uv_crate_5k__smart45,2026-10-08 16:30:06,1.09,584.1,0,,False,16166,False,all
uv_crate_5k__smart45_concave,2026-10-08 16:30:21,2.42,585.9,0,,False,16090,False,all
uv_crate_5k__smart66,2026-10-08 16:30:07,1.06,589.6,0,,False,16249,False,all
uv_crate_5k__smart66_aabb,2026-10-08 16:30:19,1.04,585.8,0,,False,16173,False,all
uv_crate_5k__smart66_concave,2026-10-08 16:30:17,2.43,585.7,0,,False,16149,False,all
uv_crate_5k__smart66_m0,2026-10-08 16:30:11,1.06,584.8,0,,False,16228,False,all
uv_crate_5k__smart66_m001,2026-10-08 16:30:13,1.04,584.2,0,,False,16268,False,all
uv_crate_5k__smart66_m01,2026-10-08 16:30:14,1.05,585.0,0,,False,16254,False,all
uv_crate_5k__smart66_m03,2026-10-08 16:30:15,1.07,598.4,0,,False,16347,False,all
uv_crate_5k__smart80,2026-10-08 16:30:09,1.08,590.1,0,,False,16253,False,all
uv_crate_5k__smart89,2026-10-08 16:30:10,1.07,584.6,0,,False,16242,False,all
uv_orb_20k__keep,2026-10-08 16:59:21,1.31,670.1,0,,False,15203,False,all
uv_orb_20k__keep_concave,2026-10-08 17:00:20,2.71,642.3,0,,False,13391,False,all
uv_orb_20k__keep_concave_add05,2026-10-08 17:00:28,3.3,684.7,0,,False,13170,False,all
uv_orb_20k__keep_concave_add1,2026-10-08 17:00:24,3.81,669.8,0,,False,13280,False,all
uv_orb_20k__sharp30,2026-10-08 16:59:16,2.17,692.8,0,,False,14799,False,all
uv_orb_20k__sharp60,2026-10-08 16:59:19,2.13,698.5,0,,False,15085,False,all
uv_orb_20k__smart20,2026-10-08 16:58:50,1.34,683.3,0,,False,16536,False,all
uv_orb_20k__smart30,2026-10-08 16:58:52,1.44,674.7,0,,False,15867,False,all
uv_orb_20k__smart45,2026-10-08 16:58:54,1.42,652.8,0,,False,15136,False,all
uv_orb_20k__smart45_concave,2026-10-08 16:59:14,1.72,623.1,0,,False,14870,False,all
uv_orb_20k__smart66,2026-10-08 16:58:56,1.38,639.1,0,,False,15162,False,all
uv_orb_20k__smart66_aabb,2026-10-08 16:59:12,1.56,623.7,0,,False,14935,False,all
uv_orb_20k__smart66_add05,2026-10-08 17:00:34,1.58,617.0,0,,False,13826,False,all
uv_orb_20k__smart66_add1,2026-10-08 17:00:32,1.69,661.4,0,,False,14711,False,all
uv_orb_20k__smart66_add1_concave,2026-10-08 17:00:37,3.17,621.9,0,,False,13146,False,all
uv_orb_20k__smart66_concave,2026-10-08 16:59:09,1.9,618.3,0,,False,14915,False,all
uv_orb_20k__smart66_frac,2026-10-08 17:00:41,1.88,623.6,0,,False,11664,False,all
uv_orb_20k__smart66_m0,2026-10-08 16:59:02,1.44,646.2,0,,False,15052,False,all
uv_orb_20k__smart66_m001,2026-10-08 16:59:04,1.41,632.4,0,,False,14920,False,all
uv_orb_20k__smart66_m01,2026-10-08 16:59:06,1.43,623.3,0,,False,14958,False,all
uv_orb_20k__smart66_m03,2026-10-08 16:59:08,1.38,621.0,0,,False,14966,False,all
uv_orb_20k__smart80,2026-10-08 16:58:58,1.4,641.3,0,,False,15134,False,all
uv_orb_20k__smart89,2026-10-08 16:59:00,1.39,638.0,0,,False,15135,False,all
uv_orb_20k__smart89_add1_concave,2026-10-08 17:00:43,3.5,637.6,0,,False,9974,False,all
uv_orb_5k__keep,2026-10-08 16:59:50,1.05,648.0,0,,False,16517,False,all
uv_orb_5k__sharp30,2026-10-08 16:59:45,1.98,672.4,0,,False,16427,False,all
uv_orb_5k__sharp60,2026-10-08 16:59:48,1.46,670.1,0,,False,17139,False,all
uv_orb_5k__smart20,2026-10-08 16:59:23,1.31,590.8,0,,False,14202,False,all
uv_orb_5k__smart30,2026-10-08 16:59:25,1.33,593.6,0,,False,13873,False,all
uv_orb_5k__smart45,2026-10-08 16:59:27,1.22,614.3,0,,False,13925,False,all
uv_orb_5k__smart45_concave,2026-10-08 16:59:43,1.69,648.2,0,,False,16221,False,all
uv_orb_5k__smart66,2026-10-08 16:59:28,1.26,612.7,0,,False,14367,False,all
uv_orb_5k__smart66_aabb,2026-10-08 16:59:42,1.32,610.7,0,,False,14993,False,all
uv_orb_5k__smart66_concave,2026-10-08 16:59:39,2.2,594.7,0,,False,14852,False,all
uv_orb_5k__smart66_m0,2026-10-08 16:59:33,1.36,614.2,0,,False,13862,False,all
uv_orb_5k__smart66_m001,2026-10-08 16:59:35,1.29,595.1,0,,False,14859,False,all
uv_orb_5k__smart66_m01,2026-10-08 16:59:36,1.24,596.3,0,,False,14857,False,all
uv_orb_5k__smart66_m03,2026-10-08 16:59:38,1.24,595.3,0,,False,14850,False,all
uv_orb_5k__smart80,2026-10-08 16:59:30,1.24,613.8,0,,False,14032,False,all
uv_orb_5k__smart89,2026-10-08 16:59:31,1.22,607.3,0,,False,13732,False,all
bake_crate__2048_s4096_CPU,,,,stopped by hand,,,,,
red_crate__planar5_none,,1800,,stopped by hand,,,,,
