piece,class,in_tail,triangles,vertices,length_m,width_m,slender,root_outside_body_m,tip_outside_body_m,centre_x,centre_forward,centre_up
1,not slender,,22,13,0.0495,0.0276,1.8,0.0048,0.0291,0.0007,-0.2651,0.3021
2,spike,False,34,19,0.0905,0.0344,2.63,-0.0011,0.0364,0.0182,0.2193,0.6634
3,spike,False,38,21,0.0694,0.0215,3.23,-0.0132,0.0249,-0.0147,0.3348,0.6145
4,not slender,,264,144,0.1182,0.1248,0.95,0.0001,0.0042,0.0225,0.4388,0.2692
5,not slender,,22,13,0.0577,0.0339,1.7,0.0039,0.028,-0.0098,-0.2777,0.331
6,not slender,,22,13,0.0499,0.0265,1.89,-0.0035,0.0335,0.0204,-0.237,0.264
7,not slender,,36,20,0.1073,0.0434,2.47,0.0022,0.0396,0.0333,0.107,0.6714
8,not slender,,26,15,0.053,0.0217,2.44,-0.0068,0.0298,0.024,-0.2113,0.5784
9,not slender,,204,104,0.0398,0.0438,0.91,0.0743,0.0752,0.0307,0.4895,0.3324
10,not slender,,26,15,0.0297,0.0163,1.82,-0.0051,0.0152,0.0208,-0.2303,0.5688
11,not slender,,560,284,0.1596,0.1146,1.39,-0.0016,-0.001,0.0251,0.4638,0.3057
12,spike,False,54,29,0.1709,0.0417,4.1,-0.013,0.1467,0.0535,0.4234,0.6003
13,spike,False,44,24,0.0673,0.0145,4.64,-0.0067,0.0174,0.0681,0.4232,0.4548
14,spike,False,44,24,0.1116,0.0335,3.34,-0.0083,0.0397,0.0905,0.2031,0.6521
15,not slender,,197,101,0.0255,0.0285,0.89,0.0301,0.0533,0.0727,0.462,0.3523
16,not slender,,90,47,0.0546,0.0563,0.97,0.0059,0.0189,0.0929,-0.1229,0.0152
17,spike,False,46,25,0.0762,0.0228,3.34,-0.0058,0.0549,0.087,0.3736,0.5935
18,spike,False,51,28,0.0964,0.0299,3.23,-0.0048,0.0212,0.1042,0.413,0.4635
19,spike,False,34,19,0.0803,0.0296,2.71,-0.0081,0.02,0.0969,-0.004,0.6378
20,not slender,,126,65,0.0677,0.0512,1.32,0.0107,0.0363,0.1145,-0.0513,0.0169
21,spike,False,46,25,0.0977,0.0246,3.98,-0.0066,0.0485,0.1062,-0.2152,0.5627
22,spike,False,38,21,0.1029,0.0362,2.84,-0.0123,0.0327,0.1051,-0.1249,0.5995
23,spike,False,36,20,0.0849,0.0305,2.79,-0.0021,0.0242,0.107,0.1081,0.649
24,not slender,,92,48,0.0622,0.0579,1.07,-0.0008,0.0189,0.1174,0.2815,0.0175
25,not slender,,124,64,0.067,0.0488,1.38,0.0068,0.0368,0.1306,0.3502,0.0171
26,spike,False,54,29,0.0885,0.0208,4.25,-0.004,0.0281,0.1279,0.4059,0.4525
27,spike,False,88,46,0.147,0.0228,6.45,-0.0121,0.0215,0.1643,0.3601,0.4402
28,spike,False,70,37,0.0881,0.0211,4.17,0.0027,0.0091,0.1379,0.3848,0.4436
29,spike,False,38,21,0.0606,0.0155,3.91,-0.0104,0.0255,0.1418,0.3919,0.4114
30,not slender,,38,21,0.0615,0.0294,2.09,-0.0252,0.0226,0.1393,0.2688,0.5979
31,spike,False,46,25,0.0565,0.0199,2.83,-0.016,0.0224,0.131,0.3191,0.5877
32,not slender,,30,17,0.065,0.0311,2.09,-0.0088,0.0387,0.1377,0.3722,0.1359
33,not slender,,36,20,0.0768,0.032,2.4,-0.0096,0.0177,0.1394,0.0416,0.6253
34,not slender,,130,67,0.0649,0.0508,1.28,0.0125,0.0417,0.1524,-0.0488,0.0164
35,spike,False,42,23,0.086,0.018,4.77,-0.0095,0.0267,0.1606,0.386,0.3798
36,"slender, in the leg zone",,102,53,0.163,0.0537,3.04,-0.0079,0.0983,0.1434,-0.2139,0.1097
37,spike,False,46,25,0.0575,0.0194,2.96,-0.0131,0.0368,0.1435,0.3595,0.558
38,spike,False,46,25,0.0733,0.0146,5.02,-0.0135,0.013,0.166,0.375,0.3628
39,spike,False,42,23,0.0774,0.0191,4.05,-0.0049,0.0095,0.1664,0.3891,0.3459
40,spike,False,40,22,0.0621,0.0152,4.1,-0.0142,0.0056,0.1653,0.3729,0.3347
41,not slender,,88,46,0.0542,0.0559,0.97,0.0068,0.0126,0.1666,-0.1185,0.0155
42,not slender,,124,64,0.061,0.0516,1.18,0.0049,0.0346,0.1694,0.3521,0.0154
43,spike,False,34,19,0.0777,0.0248,3.13,-0.0165,0.0326,0.1568,-0.1722,0.5318
44,not slender,,30,17,0.0407,0.0228,1.78,-0.0,0.0293,0.1694,-0.2095,0.3024
45,spike,False,28,16,0.0897,0.0271,3.31,-0.0026,0.0171,0.1733,-0.2108,0.4659
46,not slender,,22,13,0.0412,0.0263,1.56,-0.0055,0.0215,0.1641,-0.2176,0.3756
47,not slender,,94,49,0.0605,0.0603,1.0,-0.0011,0.0265,0.1861,0.2803,0.0169
48,spike,False,54,29,0.0843,0.0214,3.94,-0.0027,0.0288,0.1908,0.355,0.4122
49,"slender, in the leg zone",,38,21,0.0934,0.0311,3.0,-0.0001,0.0629,0.1915,0.3721,0.1417
50,not slender,,30,17,0.0742,0.0311,2.38,0.0067,0.0542,0.1909,-0.2228,0.3989
51,spike,False,56,29,0.0758,0.0253,3.0,0.0006,0.0449,0.1898,-0.203,0.3568
52,spike,False,46,25,0.1032,0.0344,3.0,-0.0094,0.0193,0.1944,0.067,0.5714
53,not slender,,138,71,0.1262,0.0675,1.87,0.0125,0.092,0.2391,0.3982,0.2715
54,spike,False,62,33,0.0931,0.0248,3.75,-0.0037,0.0422,0.2188,0.3572,0.329
55,spike,False,52,28,0.1321,0.0461,2.86,-0.0082,0.0372,0.1971,-0.0547,0.5546
56,not slender,,12,8,0.0487,0.0238,2.04,-0.0102,0.0095,0.1892,-0.1174,0.5234
57,spike,False,52,28,0.0991,0.0234,4.24,-0.0085,0.016,0.2087,0.3226,0.4478
58,spike,False,46,25,0.1907,0.0337,5.65,-0.0012,0.064,0.2486,0.3272,0.329
59,"slender, in the leg zone",,34,19,0.0587,0.0173,3.4,0.0002,0.0566,0.208,0.373,0.2566
60,"slender, in the leg zone",,46,25,0.1151,0.0261,4.41,0.0092,0.0185,0.2111,0.1064,0.182
61,"slender, in the leg zone",,66,35,0.0748,0.0246,3.03,0.0005,0.033,0.2143,0.3447,0.1905
62,not slender,,58,31,0.0584,0.0289,2.02,0.0055,0.0257,0.2139,-0.1253,0.3041
63,"slender, in the leg zone",,24,14,0.0466,0.0068,6.9,-0.0153,0.0279,0.2061,0.1198,0.1505
64,spike,False,76,40,0.1451,0.0489,2.97,-0.0065,0.0193,0.2227,-0.1221,0.4477
65,"slender, in the leg zone",,46,25,0.1202,0.017,7.06,-0.0031,0.0216,0.2195,0.1721,0.2194
66,not slender,,70,37,0.1583,0.1042,1.52,0.0142,0.1346,0.2645,0.359,0.3014
67,spike,False,62,33,0.2119,0.0461,4.6,-0.0214,0.0419,0.2311,0.2097,0.4928
68,spike,False,70,37,0.1794,0.0586,3.06,-0.0096,0.0541,0.2543,0.1837,0.3141
69,spike,False,78,41,0.1731,0.0346,5.0,-0.0056,0.029,0.228,0.2658,0.4838
70,"slender, in the leg zone",,60,32,0.0966,0.0211,4.58,0.0047,0.0289,0.2274,0.2089,0.1989
71,not slender,,50,27,0.0685,0.0313,2.19,-0.0111,0.0069,0.247,-0.0035,0.3176
72,spike,False,34,19,0.116,0.0265,4.38,-0.0079,0.0689,0.2575,0.1884,0.502
73,spike,False,62,33,0.1301,0.0203,6.41,-0.0001,0.0007,0.2536,0.2822,0.3739
74,not slender,,58,31,0.0417,0.0247,1.69,0.005,0.0223,0.2354,0.312,0.2504
75,spike,False,52,28,0.1124,0.0175,6.43,-0.003,0.0579,0.2567,0.1791,0.4806
76,spike,False,26,15,0.0468,0.0181,2.58,-0.0002,0.026,0.2395,0.0148,0.2911
77,spike,False,52,28,0.0881,0.023,3.83,-0.0091,0.0372,0.2425,0.1059,0.4919
78,spike,False,36,20,0.0601,0.0223,2.7,-0.0051,0.0191,0.243,-0.0405,0.3908
79,spike,False,40,22,0.092,0.0205,4.49,-0.0029,0.0307,0.252,0.1443,0.434
80,spike,False,36,20,0.0702,0.0215,3.26,-0.006,0.0205,0.2475,0.103,0.454
81,spike,False,38,21,0.0753,0.0201,3.74,-0.008,0.0496,0.2587,0.2993,0.4149
82,spike,False,46,25,0.0799,0.0217,3.67,-0.0132,0.0462,-0.0167,0.4225,0.5489
83,not slender,,189,98,0.0256,0.0286,0.9,0.029,0.0524,-0.0197,0.4761,0.3523
84,not slender,,24,14,0.0403,0.019,2.12,-0.006,0.0293,-0.0193,-0.1667,0.5935
85,not slender,,36,20,0.1232,0.0535,2.31,-0.0016,0.0352,-0.0442,0.1635,0.6599
86,not slender,,20,12,0.0232,0.015,1.54,-0.0049,0.0135,-0.0194,-0.1794,0.5861
87,spike,False,34,19,0.0811,0.0291,2.78,-0.0081,0.0244,-0.0375,0.0039,0.6506
88,spike,False,46,25,0.0669,0.0207,3.23,-0.0159,0.0313,-0.0456,0.3706,0.5889
89,spike,False,46,25,0.065,0.0158,4.1,0.0133,0.025,-0.0463,0.443,0.451
90,spike,False,54,29,0.0896,0.0328,2.73,0.0046,0.0302,-0.0786,0.4354,0.4574
91,not slender,,26,15,0.0677,0.0325,2.08,-0.0088,0.0199,-0.0649,0.0462,0.6488
92,not slender,,36,20,0.0824,0.034,2.42,-0.0063,0.0333,-0.0772,0.2853,0.6295
93,spike,False,46,25,0.0572,0.0188,3.04,-0.0146,0.0314,-0.0799,0.3975,0.5634
94,spike,False,38,21,0.1013,0.033,3.07,-0.0081,0.0345,-0.0902,-0.1131,0.6029
95,not slender,,90,47,0.0559,0.0559,1.0,0.0041,0.0187,-0.0962,-0.1072,0.0258
96,spike,False,34,19,0.0826,0.0245,3.37,0.0027,0.049,-0.0915,-0.2108,0.5735
97,spike,False,56,30,0.093,0.0214,4.35,-0.0044,0.021,-0.1066,0.4283,0.4531
98,not slender,,92,48,0.0619,0.0582,1.06,0.0001,0.0175,-0.1122,0.3293,0.0227
99,spike,False,38,21,0.0653,0.0156,4.19,-0.0056,0.0227,-0.1185,0.4222,0.4148
100,not slender,,126,65,0.0702,0.0491,1.43,0.0098,0.0355,-0.1233,-0.0351,0.0258
101,"slender, in the leg zone",,54,29,0.0664,0.0223,2.97,-0.0131,-0.0034,-0.1081,0.4187,0.2018
102,spike,False,70,37,0.093,0.0215,4.32,0.0026,0.0123,-0.122,0.4132,0.4459
103,spike,False,48,26,0.0561,0.0198,2.83,-0.0121,0.0284,-0.1101,0.3474,0.5917
104,not slender,,252,129,0.0938,0.0735,1.28,0.009,0.0179,-0.1454,0.4029,0.0245
105,spike,False,44,24,0.0855,0.018,4.75,0.0128,0.0246,-0.1351,0.4216,0.3832
106,spike,False,48,26,0.06,0.018,3.33,-0.0019,0.0286,-0.1175,0.3768,0.5684
107,spike,False,46,25,0.0842,0.0188,4.47,-0.0063,0.0141,-0.1429,0.4253,0.3529
108,spike,False,44,24,0.0726,0.0157,4.63,0.0046,0.0128,-0.1459,0.41,0.3673
109,spike,False,48,26,0.0738,0.0158,4.67,-0.0095,0.0114,-0.1489,0.4152,0.3395
110,spike,False,88,46,0.1496,0.0237,6.32,-0.0201,0.0285,-0.1627,0.3904,0.4421
111,not slender,,30,17,0.0642,0.0304,2.11,-0.0111,0.0384,-0.1348,0.4179,0.1419
112,"slender, in the leg zone",,102,53,0.165,0.0552,2.99,-0.0091,0.1042,-0.1385,-0.2011,0.1186
113,"slender, in the leg zone",,42,23,0.0707,0.023,3.08,-0.0091,0.0046,-0.1456,0.415,0.2256
114,not slender,,130,67,0.0631,0.0489,1.29,0.0119,0.04,-0.1611,-0.0346,0.0259
115,spike,False,42,23,0.1217,0.0389,3.13,-0.0121,0.0324,-0.1583,0.1897,0.6152
116,spike,False,32,18,0.0781,0.0243,3.21,-0.0184,0.0333,-0.1444,-0.1582,0.5408
117,not slender,,88,46,0.0552,0.0553,1.0,-0.0009,0.0152,-0.1697,-0.1083,0.0244
118,spike,False,28,16,0.0897,0.0263,3.41,-0.0039,0.0161,-0.1656,-0.1934,0.4709
119,spike,False,54,29,0.09,0.0243,3.7,-0.0115,0.0228,-0.1766,0.3915,0.414
120,not slender,,30,17,0.0407,0.0224,1.81,-0.0003,0.0287,-0.1715,-0.1919,0.3103
121,not slender,,24,14,0.0369,0.0267,1.38,-0.0056,0.0156,-0.1634,-0.2041,0.3863
122,not slender,,94,49,0.0617,0.0606,1.02,-0.0002,0.0276,-0.1815,0.3329,0.0233
123,"slender, in the leg zone",,38,21,0.0922,0.03,3.07,-0.0004,0.0606,-0.1879,0.4199,0.1482
124,not slender,,30,17,0.075,0.031,2.42,0.0031,0.0556,-0.1886,-0.2036,0.4056
125,spike,False,54,29,0.06,0.0201,2.99,-0.0117,0.0189,-0.1864,0.369,0.5135
126,spike,False,54,29,0.1332,0.0459,2.9,-0.0106,0.0387,-0.1886,-0.0349,0.5619
127,spike,False,50,27,0.0981,0.0178,5.51,0.0075,0.0731,-0.2054,0.4292,0.3003
128,spike,False,26,15,0.069,0.0193,3.57,-0.0092,0.0182,-0.1783,-0.1032,0.5362
129,spike,False,56,29,0.0728,0.0247,2.95,-0.001,0.0358,-0.1888,-0.183,0.3631
130,spike,False,46,25,0.109,0.0402,2.71,-0.0093,0.0283,-0.1928,0.0785,0.5771
131,spike,False,58,31,0.0969,0.0207,4.67,-0.0063,0.0422,-0.2162,0.3954,0.3371
132,"slender, in the leg zone",,34,19,0.0542,0.0177,3.06,0.0045,0.0524,-0.203,0.4162,0.2658
133,spike,False,42,23,0.1065,0.0303,3.51,-0.0038,0.0342,-0.1909,0.2845,0.5814
134,spike,False,46,25,0.1978,0.031,6.38,0.0016,0.0588,-0.2489,0.3666,0.3392
135,spike,False,52,28,0.1045,0.0222,4.7,-0.0062,0.0214,-0.214,0.3568,0.4524
136,spike,False,76,40,0.1443,0.0504,2.86,-0.0073,0.0162,-0.2176,-0.1007,0.4537
137,not slender,,94,49,0.1102,0.049,2.25,0.002,0.0856,-0.2513,0.4206,0.2904
138,"slender, in the leg zone",,66,35,0.0776,0.0246,3.15,-0.0009,0.0318,-0.2126,0.3934,0.2012
139,not slender,,58,31,0.0591,0.0302,1.95,0.0006,0.0261,-0.2153,-0.1036,0.3116
140,not slender,,70,37,0.1553,0.1105,1.41,0.0119,0.1286,-0.2638,0.3992,0.3099
141,"slender, in the leg zone",,46,25,0.1125,0.0257,4.37,0.0113,0.0203,-0.2248,0.1317,0.1935
142,"slender, in the leg zone",,46,25,0.1193,0.017,7.01,-0.0029,0.0234,-0.2309,0.198,0.231
143,spike,False,62,33,0.2127,0.0456,4.66,-0.0192,0.0443,-0.2368,0.2468,0.4998
144,spike,False,70,37,0.1343,0.0208,6.45,-0.0047,0.0028,-0.2532,0.3249,0.3704
145,"slender, in the leg zone",,60,32,0.0981,0.0224,4.39,0.004,0.0312,-0.2356,0.2358,0.21
146,spike,False,70,37,0.1739,0.0585,2.97,-0.0081,0.0629,-0.267,0.219,0.3237
147,"slender, in the leg zone",,18,11,0.0482,0.0073,6.64,0.0205,0.0323,-0.2222,0.1459,0.1605
148,not slender,,60,32,0.0398,0.0247,1.61,0.002,0.0194,-0.2364,0.3536,0.2587
149,not slender,,50,27,0.0678,0.0322,2.1,-0.0102,0.0091,-0.2513,0.0196,0.3262
150,not slender,,88,47,0.1127,0.0603,1.87,-0.0015,0.0708,-0.2634,0.2211,0.4967
151,not slender,,22,13,0.0456,0.0242,1.89,0.0029,0.0275,-0.2457,0.04,0.3011
152,spike,False,52,28,0.0884,0.0232,3.81,-0.0075,0.0429,-0.2484,0.1361,0.4992
153,spike,False,36,20,0.0595,0.0221,2.69,-0.0056,0.0185,-0.243,-0.0179,0.3986
154,spike,False,40,22,0.0933,0.0202,4.62,-0.0074,0.031,-0.2572,0.1767,0.4408
155,spike,False,32,18,0.0769,0.022,3.5,-0.0071,0.0512,-0.2628,0.3391,0.4212
156,spike,False,34,19,0.0706,0.0237,2.98,0.0052,0.0218,-0.2529,0.1356,0.4607
